model,dataset,question_id,question,sql_time_s,nlp_time_s,total_time_s,gpu_energy_j,total_energy_j,avg_power_w,carbon_gco2eq,generated_at
cogito:3b,country_income,question_1,What is the gini recalculated of Vietnam in 2015?,0.0522,23.6682,23.7204,0.0,473.5612,19.96,52.6179,2025-11-26 12:15:10
cogito:3b,country_income,question_10,What is the net income of each category of Vietnam in 2015?,0.1403,17.3028,17.4431,0.0,311.4171,17.85,34.6019,2025-11-26 12:15:28
cogito:3b,country_income,question_11,What is the average of gini recalcuated score of Vietnam by year?,0.0844,23.575,23.6594,0.0,391.9823,16.57,43.5535,2025-11-26 12:15:52
cogito:3b,country_income,question_12,Top 5 country that have highest gini recalulated in 2015,0.0997,17.6428,17.7425,0.0,279.1435,15.73,31.0159,2025-11-26 12:16:10
cogito:3b,country_income,question_13,Top 5 country of which d1 category has highest net income in 2015,0.0965,11.9998,12.0963,0.0,182.1015,15.05,20.2335,2025-11-26 12:16:22
cogito:3b,country_income,question_14,How many countries have gini recalculated lower than the world average in 2015?,0.0867,6.7825,6.8692,0.0,101.2666,14.74,11.2518,2025-11-26 12:16:29
cogito:3b,country_income,question_15,What is the average of d10 net income of Vietnam over years?,0.0555,32.313,32.3685,0.0,570.9268,17.64,63.4363,2025-11-26 12:17:02
cogito:3b,country_income,question_16,What is the total net income of d5 to d9 groups of Vietnam in 2015?,0.129,10.8894,11.0184,0.0,222.7181,20.21,24.7464,2025-11-26 12:17:13
cogito:3b,country_income,question_17,What is the average gini recalculated score of top 5 countries having highest population in 2015?,0.0737,12.7436,12.8173,0.0,221.5472,17.29,24.6164,2025-11-26 12:17:26
cogito:3b,country_income,question_18,Calculate the average gini of countries by region ID in 2015,0.0656,14.008,14.0736,0.0,240.4215,17.08,26.7135,2025-11-26 12:17:40
cogito:3b,country_income,question_19,What is the growth rate of gini recalculated of Vietnam for each year?,0.0638,11.2262,11.29,0.0,179.9221,15.94,19.9913,2025-11-26 12:17:52
cogito:3b,country_income,question_2,What is the net income of d10 category of US in 2015?,0.0584,15.6181,15.6765,0.0,254.5436,16.24,28.2826,2025-11-26 12:18:08
cogito:3b,country_income,question_20,The average gini recalculated of the world in 2015,0.0998,19.2292,19.329,0.0,307.0398,15.88,34.1155,2025-11-26 12:18:27
cogito:3b,country_income,question_21,What is the ratio of net income of d10 to d1 group of Singapore in 2015?,0.0753,23.3143,23.3896,0.0,375.3823,16.05,41.7092,2025-11-26 12:18:51
cogito:3b,country_income,question_22,Vietnam released economic reformation policy named 'Doi Moi' from 1986 to 2000. Evaluate the effectiveness of the policy based on the gini score trend of the country in 2 phases: Before 1986 and after 1986,0.0954,36.972,37.0674,0.0,591.6911,15.96,65.7434,2025-11-26 12:19:28
cogito:3b,country_income,question_23,Analyze the trend of world's income inequality across region from 1967 to 2015.,0.118,71.8138,71.9318,0.0,806.3821,11.21,89.5981,2025-11-26 12:20:40
cogito:3b,country_income,question_24,Does higher gdp per capita posiviely correlated with high income inequality? Explain possible reasons,0.0482,76.2101,76.2583,0.0,735.143,9.64,81.6826,2025-11-26 12:21:57
cogito:3b,country_income,question_25,The financial crisis happened in 2008. Evaluate the income inequality before and after the event in US.,0.0392,24.028,24.0672,0.0,240.7654,10.0,26.7517,2025-11-26 12:22:21
cogito:3b,country_income,question_26,Analyze the trend of income inequality and gdp per capita of Singapore from 1970 onward.,0.0649,12.9768,13.0417,0.0,128.9769,9.89,14.3307,2025-11-26 12:22:34
cogito:3b,country_income,question_27,Does population affect income inequality? Analyze gini index of China through years to explain,0.0614,51.0665,51.1279,0.0,492.9587,9.64,54.7732,2025-11-26 12:23:26
cogito:3b,country_income,question_28,Comparing the gini index of China and US over years to evaluate which country has higher income inequality,0.0467,31.934,31.9807,0.0,304.5586,9.52,33.8399,2025-11-26 12:23:58
cogito:3b,country_income,question_29,Which region ID has high income inequality? Explain reasons behind it,0.0657,23.5453,23.611,0.0,222.1485,9.41,24.6832,2025-11-26 12:24:22
cogito:3b,country_income,question_3,What is the net income of d1 category of Thailand in 2009?,0.0507,14.2892,14.3399,0.0,142.8028,9.96,15.867,2025-11-26 12:24:36
cogito:3b,country_income,question_30,"What are the common patterns can be observed from countries with high income inequality in 2015, knowing gini greater than 0.4 is considered as high inequality",0.0355,32.2597,32.2952,0.0,307.4117,9.52,34.1569,2025-11-26 12:25:09
cogito:3b,country_income,question_31,"Evaluate the net income gap between low income group d1 to d4, middle income group d5 to d9 and high income group d10 in Vietnam and propose improvement plan",0.0447,41.0373,41.082,0.0,399.4001,9.72,44.3778,2025-11-26 12:25:50
cogito:3b,country_income,question_4,What is the net income of d10 group of Singapore in 1970?,0.0511,19.1023,19.1534,0.0,175.6207,9.17,19.5134,2025-11-26 12:26:09
cogito:3b,country_income,question_5,What is the population of China in 2000?,0.0622,6.5442,6.6064,0.0,67.6197,10.24,7.5133,2025-11-26 12:26:16
cogito:3b,country_income,question_6,What is the gdp per capita of Sweden in 2015?,0.0342,12.3532,12.3874,0.0,122.3302,9.88,13.5922,2025-11-26 12:26:29
cogito:3b,country_income,question_7,Distinct list of region ID,0.0544,17.4094,17.4638,0.0,165.506,9.48,18.3896,2025-11-26 12:26:47
cogito:3b,country_income,question_8,All the countries have gini recalculated greater than 0.4 in 2015,0.0542,23.4663,23.5205,0.0,219.3042,9.32,24.3671,2025-11-26 12:27:10
cogito:3b,country_income,question_9,"What is the gpd per capita, population and gini coefficient of Vietnam in 2010?",0.0639,14.4776,14.5415,0.0,145.5532,10.01,16.1726,2025-11-26 12:27:25
cogito:3b,finance_economics,question_1,"The inflation rate of November 28, 2008",0.0318,19.9929,20.0247,0.0,182.6327,9.12,20.2926,2025-11-26 12:27:45
cogito:3b,finance_economics,question_10,"The unemployment rate, interest rate, inflation rate, the date where Dow Jones has top trading volume",0.0527,16.6279,16.6806,0.0,165.5564,9.93,18.3951,2025-11-26 12:28:02
cogito:3b,finance_economics,question_11,"Number of days which the closing price is higher than the open price of Dow Jones, S&P 500, NASDAQ",0.0395,31.7501,31.7896,0.0,329.5401,10.37,36.6156,2025-11-26 12:28:34
cogito:3b,finance_economics,question_12,The annual consumer spending from 2000 to 2008,0.0437,30.6946,30.7383,0.0,285.4276,9.29,31.7142,2025-11-26 12:29:05
cogito:3b,finance_economics,question_13,The annual growth rate of consumer confidence index from 2000 to 2008,0.0507,48.3227,48.3734,0.0,456.7628,9.44,50.7514,2025-11-26 12:29:54
cogito:3b,finance_economics,question_14,Ratio of days having negative gdp growth to total days,0.0528,8.7723,8.8251,0.0,93.8119,10.63,10.4235,2025-11-26 12:30:03
cogito:3b,finance_economics,question_15,The average bankruptcy rate and M&A deals by year,0.0345,23.1128,23.1473,0.0,227.7382,9.84,25.3042,2025-11-26 12:30:26
cogito:3b,finance_economics,question_16,Number of days where the gdp growth is negative,0.0468,17.6658,17.7126,0.0,165.8443,9.36,18.4272,2025-11-26 12:30:44
cogito:3b,finance_economics,question_17,"Average monthly trading volume of NASDAQ, S&P 500, Dow Jones",0.0475,9.5532,9.6007,0.0,99.1911,10.33,11.0212,2025-11-26 12:30:54
cogito:3b,finance_economics,question_18,Which year has the highest average consumer confidence index?,0.0374,22.4565,22.4939,0.0,223.1168,9.92,24.7908,2025-11-26 12:31:17
cogito:3b,finance_economics,question_19,The annual average venture capital funding by year,0.0572,7.5682,7.6254,0.0,69.7568,9.15,7.7507,2025-11-26 12:31:24
cogito:3b,finance_economics,question_2,"The open price, close price, trading volume of Feb 20, 2000",0.0351,8.7849,8.82,0.0,85.6889,9.72,9.521,2025-11-26 12:31:33
cogito:3b,finance_economics,question_20,The ratio of government debt to consumer spending by year,0.037,36.0523,36.0893,0.0,347.8947,9.64,38.655,2025-11-26 12:32:10
cogito:3b,finance_economics,question_21,Average gold price by year,0.0486,19.4733,19.5219,0.0,191.3201,9.8,21.2578,2025-11-26 12:32:29
cogito:3b,finance_economics,question_22,"2008 was the year of global financial crisis. Evaluate some indicators that signaled this recession, and propose a risk mitigation strategy for stock investing",0.0505,29.0921,29.1426,0.0,290.3154,9.96,32.2573,2025-11-26 12:32:59
cogito:3b,finance_economics,question_23,Does government debt effect GDP growth? Analyze the given data and recommend policymakers on how to create positive gdp growth,0.0472,78.9422,78.9894,0.0,764.6509,9.68,84.9612,2025-11-26 12:34:18
cogito:3b,finance_economics,question_24,Low interest rate leads to risky money flow into stock and consumer spending. Evaluate the data to verify the accuracy of this statement. ,0.05,66.8935,66.9435,0.0,664.0796,9.92,73.7867,2025-11-26 12:35:25
cogito:3b,finance_economics,question_25,"Analyze the past performance of all the asset types, stock, commodity, real estate, forex and propose which type of asset is worth to invest in based on investors' risk apetite",0.0499,22.323,22.3729,0.0,223.9165,10.01,24.8796,2025-11-26 12:35:48
cogito:3b,finance_economics,question_26,Evaluate the relationship between inflation rate and consumer spending,0.0508,14.537,14.5878,0.0,153.5541,10.53,17.0616,2025-11-26 12:36:03
cogito:3b,finance_economics,question_27,"Which stock indexes should investors invest in? Analyze NASDAQ, S&P 500, Dow Jones performances",0.0318,35.7214,35.7532,0.0,367.7165,10.28,40.8574,2025-11-26 12:36:39
cogito:3b,finance_economics,question_28,"What is the relationship between interest rate, unemployment rate and corporate profits? Propose strategy for policymakers to promote corporate activities",0.0499,99.3595,99.4094,0.0,962.476,9.68,106.9417,2025-11-26 12:38:18
cogito:3b,finance_economics,question_29,"venture capital funding is private fundraising, wheras stock index activities is public fundraising. Which fundraising channel is more active in US, explain the reasons",0.0487,17.09,17.1387,0.0,166.6215,9.72,18.5135,2025-11-26 12:38:35
cogito:3b,finance_economics,question_3,"The gold price, crude oil price, real estate index of Jan 1, 2008",0.0519,25.8572,25.9091,0.0,255.0832,9.85,28.3426,2025-11-26 12:39:02
cogito:3b,finance_economics,question_30,"Recommend asset classes to invest when the USD currency is appreciated, and when it is depreciated",0.0585,56.3668,56.4253,0.0,539.6715,9.56,59.9635,2025-11-26 12:39:58
cogito:3b,finance_economics,question_31,"When it is best to invest in real estate in terms of interest rate environment, stock performance and unemployment context?",0.0459,54.0272,54.0731,0.0,575.3236,10.64,63.9248,2025-11-26 12:40:53
cogito:3b,finance_economics,question_4,"The consumer confidence index of 24 December, 2007",0.0653,19.7911,19.8564,0.0,237.1265,11.94,26.3474,2025-11-26 12:41:13
cogito:3b,finance_economics,question_5,"The date, stock index on which stock index reached the highest Daily High",0.0476,11.8183,11.8659,0.0,122.9334,10.36,13.6592,2025-11-26 12:41:25
cogito:3b,finance_economics,question_6,"The date, gold price, crude oil price and gdp growth where unemployment rate reached the highest",0.0341,12.8264,12.8605,0.0,119.8309,9.32,13.3145,2025-11-26 12:41:38
cogito:3b,finance_economics,question_7,"The date, forex US/EUR, US/JPY where gdp growth is negative",0.0358,80.3606,80.3964,0.0,787.9529,9.8,87.5503,2025-11-26 12:42:58
cogito:3b,finance_economics,question_8,The date where trading volumne is the largest,0.0456,11.4031,11.4487,0.0,112.0516,9.79,12.4502,2025-11-26 12:43:10
cogito:3b,finance_economics,question_9,"The date, consumer confidence index, consumer spending where the bankruptcy rate is highest",0.0346,19.5121,19.5467,0.0,190.7451,9.76,21.1939,2025-11-26 12:43:30
cogito:3b,global_development,question_1,What is the digital readiness score of South Asia in 2020?,0.0567,13.549,13.6057,0.0,131.8641,9.69,14.6516,2025-11-26 12:43:44
cogito:3b,global_development,question_10,What is the unemployment rate of US in 2020?,0.0382,10.7592,10.7974,0.0,108.7607,10.07,12.0846,2025-11-26 12:43:55
cogito:3b,global_development,question_11,To what extent has the world's GDP per capita grown between 2000 and 2020?,0.0408,14.6757,14.7165,0.0,145.3502,9.88,16.15,2025-11-26 12:44:10
cogito:3b,global_development,question_12,What is the average economic opportunity index of low and indebt countries?,0.0381,15.485,15.5231,0.0,155.2816,10.0,17.2535,2025-11-26 12:44:25
cogito:3b,global_development,question_13,How many countries has the gdp per capita lower than the world in 2019?,0.0541,8.8302,8.8843,0.0,85.7225,9.65,9.5247,2025-11-26 12:44:34
cogito:3b,global_development,question_14,Which country has the highest health expenditure per capita in 2020?,0.0317,9.9644,9.9961,0.0,97.7186,9.78,10.8576,2025-11-26 12:44:45
cogito:3b,global_development,question_15,How many countries are in lower middle income group as in 2020?,0.0381,7.0859,7.124,0.0,74.0683,10.4,8.2298,2025-11-26 12:44:52
cogito:3b,global_development,question_16,What is the average digital readiness score of high income countries in 2019?,0.0346,20.7988,20.8334,0.0,204.9767,9.84,22.7752,2025-11-26 12:45:13
cogito:3b,global_development,question_17,Which country has the lowest global resilience score?,0.0458,59.7715,59.8173,0.0,576.6664,9.64,64.074,2025-11-26 12:46:13
cogito:3b,global_development,question_18,What is the highest energy per capita score in 2020? In which country,0.0551,9.9044,9.9595,0.0,94.1594,9.45,10.4622,2025-11-26 12:46:23
cogito:3b,global_development,question_19,What country has the longest period of deflation? Deflation is known as when the inflation is negative,0.0342,8.9703,9.0045,0.0,91.102,10.12,10.1224,2025-11-26 12:46:32
cogito:3b,global_development,question_2,Country with the highest global development resilience score in 2020,0.0352,39.3082,39.3434,0.0,380.8405,9.68,42.3156,2025-11-26 12:47:12
cogito:3b,global_development,question_20,Which country has the highest gdp per capita among lower middle income group?,0.0449,17.0582,17.1031,0.0,197.9927,11.58,21.9991,2025-11-26 12:47:29
cogito:3b,global_development,question_21,Number of countries have higher economic opportunity than the world,0.0472,16.1797,16.2269,0.0,156.4515,9.64,17.3835,2025-11-26 12:47:46
cogito:3b,global_development,question_22,"Looking at the green transition score of all the countries and regions over the years, what is the common patterns?",0.0644,44.1174,44.1818,0.0,434.9169,9.84,48.3241,2025-11-26 12:48:30
cogito:3b,global_development,question_23,Explain for me the correlations of human development index and gdp per capita,0.0487,23.6902,23.7389,0.0,227.9693,9.6,25.3299,2025-11-26 12:48:54
cogito:3b,global_development,question_24,Evaluate the differences in digital readiness of South Asia compared to Europe region,0.0526,19.4744,19.527,0.0,187.633,9.61,20.8481,2025-11-26 12:49:14
cogito:3b,global_development,question_25,Is there any correlation between governance quality and digital readiness score of South Asia?,0.046,23.0721,23.1181,0.0,234.0283,10.12,26.0032,2025-11-26 12:49:37
cogito:3b,global_development,question_26,Does the school enrolment in secondary affect the HDI in South Asia?,0.0432,13.0622,13.1054,0.0,99.7042,7.61,11.0783,2025-11-26 12:49:50
cogito:3b,global_development,question_27,What is the relationship of the FDI percentage of gdp and economic grow in middle and low income group?,0.0341,16.8243,16.8584,0.0,166.4736,9.87,18.497,2025-11-26 12:50:07
cogito:3b,global_development,question_28,"Compare the economic opportunity index of high income, middlie income groups and the world",0.1836,14.6787,14.8623,0.0,87.3631,5.88,9.707,2025-11-26 12:50:23
cogito:3b,global_development,question_29,Is the weather vulnerability related to the child mortality in high income country?,0.0373,7.6297,7.667,0.0,52.8518,6.89,5.8724,2025-11-26 12:50:30
cogito:3b,global_development,question_3,What is the human development index score of Vietnam in 2019?,0.0287,10.2948,10.3235,0.0,60.7504,5.88,6.75,2025-11-26 12:50:41
cogito:3b,global_development,question_30,Do countries with high weather vulnerability score have higher green transition scores? Explain for me the implication,0.0287,15.2934,15.3221,0.0,113.2592,7.39,12.5844,2025-11-26 12:50:56
cogito:3b,global_development,question_31,What is the relationship between unemployment rate and inflation of US through years?,0.0445,10.8099,10.8544,0.0,59.9647,5.52,6.6628,2025-11-26 12:51:08
cogito:3b,global_development,question_4,What is the inflation rate of Vietnam in 2009?,0.0286,5.1155,5.1441,0.0,28.0664,5.46,3.1185,2025-11-26 12:51:13
cogito:3b,global_development,question_5,What is the unemployment rate of Europe region in 2008?,0.0368,8.3173,8.3541,0.0,67.2384,8.05,7.4709,2025-11-26 12:51:21
cogito:3b,global_development,question_6,What is the life expectancy of Japan in 2020?,0.0309,6.6259,6.6568,0.0,46.3439,6.96,5.1493,2025-11-26 12:51:28
cogito:3b,global_development,question_7,What is the economic opportunity index of indebt countries group in 2020?,0.0332,11.4662,11.4994,0.0,92.5387,8.05,10.282,2025-11-26 12:51:40
cogito:3b,global_development,question_8,What is the gpd per capita of OECD group in 2019?,0.0284,18.7559,18.7843,0.0,206.5168,10.99,22.9464,2025-11-26 12:51:59
cogito:3b,global_development,question_9,What is the green transition score of lower middle income group in 2020?,0.0434,13.1953,13.2387,0.0,132.394,10.0,14.7105,2025-11-26 12:52:12
cogito:3b,happiness_record,question_1,What is the positive affect of US in 2008?,0.0343,5.6497,5.684,0.0,30.9525,5.45,3.4391,2025-11-26 12:52:18
cogito:3b,happiness_record,question_10,What is the Confidence In National Government of Singapore in 2022?,0.0282,13.6287,13.6569,0.0,72.3042,5.29,8.0338,2025-11-26 12:52:32
cogito:3b,happiness_record,question_11,What is the average positive affect of all countries in 2008?,0.0283,6.3552,6.3835,0.0,41.1971,6.45,4.5775,2025-11-26 12:52:39
cogito:3b,happiness_record,question_12,What is the average life ladder of Asia countries in 2022?,0.0267,11.2677,11.2944,0.0,54.3266,4.81,6.0363,2025-11-26 12:52:50
cogito:3b,happiness_record,question_13,Which country has the highest average long gdp per capita through years?,0.0285,10.5015,10.53,0.0,53.6672,5.1,5.963,2025-11-26 12:53:01
cogito:3b,happiness_record,question_14,Which country has the lowest average social support score over years?,0.0304,13.8481,13.8785,0.0,73.4134,5.29,8.157,2025-11-26 12:53:15
cogito:3b,happiness_record,question_15,What is the average Healthy Life Expectancy At Birth of the world after 2020? ,0.0294,5.3332,5.3626,0.0,26.2028,4.89,2.9114,2025-11-26 12:53:21
cogito:3b,happiness_record,question_16,Which country has the highest freedom to make choices index? What region is it from? ,0.0331,7.1664,7.1995,0.0,40.6529,5.65,4.5169,2025-11-26 12:53:28
cogito:3b,happiness_record,question_17,How many countries have higher average generiosity over years compared to the world' average?,0.0403,12.2307,12.271,0.0,62.8631,5.12,6.9848,2025-11-26 12:53:41
cogito:3b,happiness_record,question_18,Which region has the highest average perceptions of corruption?,0.0309,6.8559,6.8868,0.0,31.456,4.57,3.4951,2025-11-26 12:53:48
cogito:3b,happiness_record,question_19,Which country has the highest average negative affect in 2022? ,0.0273,16.3539,16.3812,0.0,93.7669,5.72,10.4186,2025-11-26 12:54:04
cogito:3b,happiness_record,question_2,What is the life ladder of Vietnam in 2022?,0.0462,5.5056,5.5518,0.0,25.3366,4.56,2.8152,2025-11-26 12:54:10
cogito:3b,happiness_record,question_20,What is the average Confidence In National Government score of Vietnam over years?,0.0341,4.2973,4.3314,0.0,26.7663,6.18,2.9741,2025-11-26 12:54:15
cogito:3b,happiness_record,question_21,What are the countries having confidence in national goverment higher than world average in 2022?,0.0285,5.1146,5.1431,0.0,25.7521,5.01,2.8613,2025-11-26 12:54:20
cogito:3b,happiness_record,question_22,Interpret for me the current trend in positive affect of the world from 2008 to 2022?,0.0332,25.673,25.7062,0.0,128.5706,5.0,14.2857,2025-11-26 12:54:46
cogito:3b,happiness_record,question_23,Comparing the life ladder of Asia and Europe to tell me which region is worth to live?,0.0477,13.4439,13.4916,0.0,75.6268,5.61,8.403,2025-11-26 12:55:00
cogito:3b,happiness_record,question_24,Are countries with higher long gdp per capita likely to have higher positive effect over years? Comparing the data to evaluate ,0.0308,44.8901,44.9209,0.0,222.9341,4.96,24.7704,2025-11-26 12:55:45
cogito:3b,happiness_record,question_25,Does lack of social support lead to higher negative affect over years? ,0.045,20.3597,20.4047,0.0,115.915,5.68,12.8795,2025-11-26 12:56:05
cogito:3b,happiness_record,question_26,"Analyze the trend of Healthy Life Expectancy At Birth by region (Asia, Europe, North America)",0.0401,6.46,6.5001,0.0,30.0929,4.63,3.3437,2025-11-26 12:56:12
cogito:3b,happiness_record,question_27,Evaluate for me the relationship between freedom to make choices and positive affect of Asia and North America countries. Explain the reasons.,0.0258,9.4791,9.5049,0.0,57.4436,6.04,6.3827,2025-11-26 12:56:22
cogito:3b,happiness_record,question_28,What is the current movement of generiosity of Asian countries over years? Explain the reasons.,0.0342,15.6771,15.7113,0.0,80.4625,5.12,8.9402,2025-11-26 12:56:38
cogito:3b,happiness_record,question_29,What is the relationship of percptions of corruption and confidence in national government?,0.0483,50.5155,50.5638,0.0,481.1975,9.52,53.4664,2025-11-26 12:57:28
cogito:3b,happiness_record,question_3,What is the long GDP per capita of China in 2009?,0.0807,6.4728,6.5535,0.0,133.9617,20.44,14.8846,2025-11-26 12:57:35
cogito:3b,happiness_record,question_30,Do high long gdp per capita countries have higher negative affects? Explain the results.,0.0611,39.8077,39.8688,0.0,799.1895,20.05,88.7989,2025-11-26 12:58:15
cogito:3b,happiness_record,question_31,How differences in Confidence In National Government score comparing all the regions? Evaluate the importance of governance trust on positive affects.,0.1201,23.4462,23.5663,0.0,437.0957,18.55,48.5662,2025-11-26 12:58:39
cogito:3b,happiness_record,question_4,What is the social support index of Germany in 2008?,0.0706,8.452,8.5226,0.0,126.6298,14.86,14.07,2025-11-26 12:58:48
cogito:3b,happiness_record,question_5,What is the Healthy Life Expectancy At Birth of Japan in 2020?,0.0371,6.8309,6.868,0.0,95.1785,13.86,10.5754,2025-11-26 12:58:55
cogito:3b,happiness_record,question_6,What is the Freedom To Make Life Choices of Vietnam in 2018?,0.0432,13.568,13.6112,0.0,206.6121,15.18,22.9569,2025-11-26 12:59:09
cogito:3b,happiness_record,question_7,What is the generiosity score of Singapore in 2022?,0.0448,9.5093,9.5541,0.0,150.4178,15.74,16.7131,2025-11-26 12:59:19
cogito:3b,happiness_record,question_8,What is the Perceptions Of Corruption of Ecuador in 2008?,0.0437,9.6159,9.6596,0.0,143.5146,14.86,15.9461,2025-11-26 12:59:28
cogito:3b,happiness_record,question_9,What is the negative affect of Japan in 2022?,0.0346,12.6014,12.636,0.0,146.7466,11.61,16.3051,2025-11-26 12:59:41
deepseek-r1:7b,country_income,question_1,What is the gini recalculated of Vietnam in 2015?,0.0309,91.1435,91.1744,0.0,550.8903,6.04,61.21,2025-11-26 13:01:13
deepseek-r1:7b,country_income,question_10,What is the net income of each category of Vietnam in 2015?,0.0597,75.8049,75.8646,0.0,428.0796,5.64,47.5644,2025-11-26 13:02:29
deepseek-r1:7b,country_income,question_11,What is the average of gini recalcuated score of Vietnam by year?,0.0523,96.9117,96.964,0.0,740.7588,7.64,82.3066,2025-11-26 13:37:52
deepseek-r1:7b,country_income,question_12,Top 5 country that have highest gini recalulated in 2015,0.0547,85.2037,85.2584,0.0,538.9249,6.32,59.8805,2025-11-26 13:55:05
deepseek-r1:7b,country_income,question_13,Top 5 country of which d1 category has highest net income in 2015,0.0613,48.7113,48.7726,0.0,407.6405,8.36,45.2934,2025-11-26 14:08:23
deepseek-r1:7b,country_income,question_14,How many countries have gini recalculated lower than the world average in 2015?,0.0385,98.2975,98.336,0.0,1128.7156,11.48,125.4129,2025-11-26 14:13:19
deepseek-r1:7b,country_income,question_15,What is the average of d10 net income of Vietnam over years?,0.0519,145.4617,145.5136,0.0,1594.7713,10.96,177.1968,2025-11-26 14:15:45
deepseek-r1:7b,country_income,question_16,What is the total net income of d5 to d9 groups of Vietnam in 2015?,0.0482,109.403,109.4512,0.0,1108.5355,10.13,123.1706,2025-11-26 14:17:35
deepseek-r1:7b,country_income,question_17,What is the average gini recalculated score of top 5 countries having highest population in 2015?,0.0516,190.5571,190.6087,0.0,1898.4152,9.96,210.935,2025-11-26 14:20:46
deepseek-r1:7b,country_income,question_18,Calculate the average gini of countries by region ID in 2015,0.0631,101.4394,101.5025,0.0,865.0663,8.52,96.1185,2025-11-26 14:22:27
deepseek-r1:7b,country_income,question_19,What is the growth rate of gini recalculated of Vietnam for each year?,0.0502,170.9818,171.032,0.0,1525.9664,8.92,169.5518,2025-11-26 14:25:19
deepseek-r1:7b,country_income,question_2,What is the net income of d10 category of US in 2015?,0.0672,137.2764,137.3436,0.0,1197.7546,8.72,133.0839,2025-11-26 14:27:36
deepseek-r1:7b,country_income,question_20,The average gini recalculated of the world in 2015,0.052,89.8967,89.9487,0.0,597.3368,6.64,66.3708,2025-11-26 14:29:06
deepseek-r1:7b,country_income,question_21,What is the ratio of net income of d10 to d1 group of Singapore in 2015?,0.0499,164.7835,164.8334,0.0,883.5887,5.36,98.1765,2025-11-26 14:31:51
deepseek-r1:7b,country_income,question_22,Vietnam released economic reformation policy named 'Doi Moi' from 1986 to 2000. Evaluate the effectiveness of the policy based on the gini score trend of the country in 2 phases: Before 1986 and after 1986,0.0465,139.9504,139.9969,0.0,722.5834,5.16,80.2871,2025-11-26 14:34:12
deepseek-r1:7b,country_income,question_23,Analyze the trend of world's income inequality across region from 1967 to 2015.,0.0431,94.4486,94.4917,0.0,537.0855,5.68,59.6761,2025-11-26 14:35:46
deepseek-r1:7b,country_income,question_24,Does higher gdp per capita posiviely correlated with high income inequality? Explain possible reasons,0.0476,132.561,132.6086,0.0,970.624,7.32,107.8471,2025-11-26 14:37:59
deepseek-r1:7b,country_income,question_25,The financial crisis happened in 2008. Evaluate the income inequality before and after the event in US.,0.0536,175.7931,175.8467,0.0,1512.3911,8.6,168.0434,2025-11-26 14:40:55
deepseek-r1:7b,country_income,question_26,Analyze the trend of income inequality and gdp per capita of Singapore from 1970 onward.,0.0496,135.9764,136.026,0.0,1077.5204,7.92,119.7245,2025-11-26 14:43:11
deepseek-r1:7b,country_income,question_27,Does population affect income inequality? Analyze gini index of China through years to explain,0.0558,101.379,101.4348,0.0,787.0935,7.76,87.4548,2025-11-26 14:44:53
deepseek-r1:7b,country_income,question_28,Comparing the gini index of China and US over years to evaluate which country has higher income inequality,0.0461,152.9074,152.9535,0.0,1370.4962,8.96,152.2774,2025-11-26 14:47:26
deepseek-r1:7b,country_income,question_29,Which region ID has high income inequality? Explain reasons behind it,0.0774,99.1109,99.1883,0.0,948.4762,9.56,105.3863,2025-11-26 14:49:06
deepseek-r1:7b,country_income,question_3,What is the net income of d1 category of Thailand in 2009?,0.0691,152.8484,152.9175,0.0,1321.2514,8.64,146.8057,2025-11-26 14:51:39
deepseek-r1:7b,country_income,question_30,"What are the common patterns can be observed from countries with high income inequality in 2015, knowing gini greater than 0.4 is considered as high inequality",0.0637,128.4603,128.524,0.0,1285.1512,10.0,142.7946,2025-11-26 14:53:48
deepseek-r1:7b,country_income,question_31,"Evaluate the net income gap between low income group d1 to d4, middle income group d5 to d9 and high income group d10 in Vietnam and propose improvement plan",0.1422,153.6859,153.8281,0.0,1232.3477,8.01,136.9275,2025-11-26 14:56:22
deepseek-r1:7b,country_income,question_4,What is the net income of d10 group of Singapore in 1970?,0.0596,106.4948,106.5544,0.0,878.2114,8.24,97.579,2025-11-26 14:58:08
deepseek-r1:7b,country_income,question_5,What is the population of China in 2000?,0.0539,128.1466,128.2005,0.0,1077.038,8.4,119.6709,2025-11-26 15:00:17
deepseek-r1:7b,country_income,question_6,What is the gdp per capita of Sweden in 2015?,0.0571,51.7497,51.8068,0.0,437.2286,8.44,48.5809,2025-11-26 15:01:09
deepseek-r1:7b,country_income,question_7,Distinct list of region ID,0.0543,89.258,89.3123,0.0,686.1073,7.68,76.2342,2025-11-26 15:02:38
deepseek-r1:7b,country_income,question_8,All the countries have gini recalculated greater than 0.4 in 2015,0.0469,78.8559,78.9028,0.0,716.4487,9.08,79.6054,2025-11-26 15:03:57
deepseek-r1:7b,country_income,question_9,"What is the gpd per capita, population and gini coefficient of Vietnam in 2010?",0.0593,83.6652,83.7245,0.0,753.5944,9.0,83.7327,2025-11-26 15:05:21
deepseek-r1:7b,finance_economics,question_1,"The inflation rate of November 28, 2008",0.0531,104.3925,104.4456,0.0,1136.2865,10.88,126.2541,2025-11-26 15:07:06
deepseek-r1:7b,finance_economics,question_10,"The unemployment rate, interest rate, inflation rate, the date where Dow Jones has top trading volume",0.0617,130.0743,130.136,0.0,1302.025,10.01,144.6694,2025-11-26 15:09:16
deepseek-r1:7b,finance_economics,question_11,"Number of days which the closing price is higher than the open price of Dow Jones, S&P 500, NASDAQ",0.0502,59.213,59.2632,0.0,481.3759,8.12,53.4863,2025-11-26 15:10:16
deepseek-r1:7b,finance_economics,question_12,The annual consumer spending from 2000 to 2008,0.0459,50.8105,50.8564,0.0,506.6532,9.96,56.2948,2025-11-26 15:11:07
deepseek-r1:7b,finance_economics,question_13,The annual growth rate of consumer confidence index from 2000 to 2008,0.0522,355.1393,355.1915,0.0,3452.7861,9.72,383.6429,2025-11-26 15:17:02
deepseek-r1:7b,finance_economics,question_14,Ratio of days having negative gdp growth to total days,0.0618,98.9762,99.038,0.0,919.0753,9.28,102.1194,2025-11-26 15:18:42
deepseek-r1:7b,finance_economics,question_15,The average bankruptcy rate and M&A deals by year,0.0557,138.0096,138.0653,0.0,1319.8215,9.56,146.6468,2025-11-26 15:21:00
deepseek-r1:7b,finance_economics,question_16,Number of days where the gdp growth is negative,0.0795,135.0116,135.0911,0.0,1103.7042,8.17,122.6338,2025-11-26 15:23:15
deepseek-r1:7b,finance_economics,question_17,"Average monthly trading volume of NASDAQ, S&P 500, Dow Jones",0.0472,145.4459,145.4931,0.0,1274.766,8.76,141.6407,2025-11-26 15:25:41
deepseek-r1:7b,finance_economics,question_18,Which year has the highest average consumer confidence index?,0.0631,85.8273,85.8904,0.0,694.1835,8.08,77.1315,2025-11-26 15:27:07
deepseek-r1:7b,finance_economics,question_19,The annual average venture capital funding by year,0.0586,86.1537,86.2123,0.0,772.3217,8.96,85.8135,2025-11-26 15:28:33
deepseek-r1:7b,finance_economics,question_2,"The open price, close price, trading volume of Feb 20, 2000",0.0718,148.5767,148.6485,0.0,1522.3625,10.24,169.1514,2025-11-26 15:31:02
deepseek-r1:7b,finance_economics,question_20,The ratio of government debt to consumer spending by year,0.0682,93.4465,93.5147,0.0,662.1793,7.08,73.5755,2025-11-26 15:32:36
deepseek-r1:7b,finance_economics,question_21,Average gold price by year,0.0618,90.9293,90.9911,0.0,808.9281,8.89,89.8809,2025-11-26 15:34:07
deepseek-r1:7b,finance_economics,question_22,"2008 was the year of global financial crisis. Evaluate some indicators that signaled this recession, and propose a risk mitigation strategy for stock investing",0.0526,100.3456,100.3982,0.0,903.4579,9.0,100.3842,2025-11-26 15:35:48
deepseek-r1:7b,finance_economics,question_23,Does government debt effect GDP growth? Analyze the given data and recommend policymakers on how to create positive gdp growth,0.0727,159.7521,159.8248,0.0,1458.0797,9.12,162.0089,2025-11-26 15:38:28
deepseek-r1:7b,finance_economics,question_24,Low interest rate leads to risky money flow into stock and consumer spending. Evaluate the data to verify the accuracy of this statement. ,0.0593,109.4005,109.4598,0.0,906.6142,8.28,100.7349,2025-11-26 15:40:17
deepseek-r1:7b,finance_economics,question_25,"Analyze the past performance of all the asset types, stock, commodity, real estate, forex and propose which type of asset is worth to invest in based on investors' risk apetite",0.0607,101.2403,101.301,0.0,737.758,7.28,81.9732,2025-11-26 15:41:59
deepseek-r1:7b,finance_economics,question_26,Evaluate the relationship between inflation rate and consumer spending,0.0583,166.976,167.0343,0.0,1596.9016,9.56,177.4335,2025-11-26 15:44:46
deepseek-r1:7b,finance_economics,question_27,"Which stock indexes should investors invest in? Analyze NASDAQ, S&P 500, Dow Jones performances",0.0525,104.2915,104.344,0.0,839.0583,8.04,93.2287,2025-11-26 15:46:31
deepseek-r1:7b,finance_economics,question_28,"What is the relationship between interest rate, unemployment rate and corporate profits? Propose strategy for policymakers to promote corporate activities",0.0618,110.8446,110.9064,0.0,896.0747,8.08,99.5639,2025-11-26 15:48:22
deepseek-r1:7b,finance_economics,question_29,"venture capital funding is private fundraising, wheras stock index activities is public fundraising. Which fundraising channel is more active in US, explain the reasons",0.0607,99.6666,99.7273,0.0,913.3389,9.16,101.4821,2025-11-26 15:50:02
deepseek-r1:7b,finance_economics,question_3,"The gold price, crude oil price, real estate index of Jan 1, 2008",0.1982,93.1379,93.3361,0.0,764.509,8.19,84.9454,2025-11-26 15:51:35
deepseek-r1:7b,finance_economics,question_30,"Recommend asset classes to invest when the USD currency is appreciated, and when it is depreciated",0.0627,105.5748,105.6375,0.0,790.2785,7.48,87.8087,2025-11-26 15:53:21
deepseek-r1:7b,finance_economics,question_31,"When it is best to invest in real estate in terms of interest rate environment, stock performance and unemployment context?",0.0618,63.3163,63.3781,0.0,471.659,7.44,52.4066,2025-11-26 15:54:25
deepseek-r1:7b,finance_economics,question_4,"The consumer confidence index of 24 December, 2007",0.0572,80.3678,80.425,0.0,903.8441,11.24,100.4271,2025-11-26 15:55:46
deepseek-r1:7b,finance_economics,question_5,"The date, stock index on which stock index reached the highest Daily High",0.0773,62.0922,62.1695,0.0,609.4906,9.8,67.7211,2025-11-26 15:56:48
deepseek-r1:7b,finance_economics,question_6,"The date, gold price, crude oil price and gdp growth where unemployment rate reached the highest",0.0581,87.747,87.8051,0.0,986.9508,11.24,109.6612,2025-11-26 15:58:16
deepseek-r1:7b,finance_economics,question_7,"The date, forex US/EUR, US/JPY where gdp growth is negative",0.0608,132.1004,132.1612,0.0,1046.7575,7.92,116.3064,2025-11-26 16:00:28
deepseek-r1:7b,finance_economics,question_8,The date where trading volumne is the largest,0.0766,103.4305,103.5071,0.0,1068.1998,10.32,118.6888,2025-11-26 16:02:12
deepseek-r1:7b,finance_economics,question_9,"The date, consumer confidence index, consumer spending where the bankruptcy rate is highest",0.0636,122.5556,122.6192,0.0,912.6052,7.44,101.4006,2025-11-26 16:04:15
deepseek-r1:7b,global_development,question_1,What is the digital readiness score of South Asia in 2020?,0.0868,91.9643,92.0511,0.0,1031.142,11.2,114.5714,2025-11-26 16:05:47
deepseek-r1:7b,global_development,question_10,What is the unemployment rate of US in 2020?,0.0923,81.4257,81.518,0.0,642.8795,7.89,71.431,2025-11-26 16:07:09
deepseek-r1:7b,global_development,question_11,To what extent has the world's GDP per capita grown between 2000 and 2020?,0.0597,90.1505,90.2102,0.0,703.6589,7.8,78.1843,2025-11-26 16:08:39
deepseek-r1:7b,global_development,question_12,What is the average economic opportunity index of low and indebt countries?,0.0597,84.4615,84.5212,0.0,622.2239,7.36,69.136,2025-11-26 16:10:04
deepseek-r1:7b,global_development,question_13,How many countries has the gdp per capita lower than the world in 2019?,0.0511,136.3579,136.409,0.0,1069.5002,7.84,118.8333,2025-11-26 16:12:21
deepseek-r1:7b,global_development,question_14,Which country has the highest health expenditure per capita in 2020?,0.0537,69.4548,69.5085,0.0,500.6566,7.2,55.6285,2025-11-26 16:13:30
deepseek-r1:7b,global_development,question_15,How many countries are in lower middle income group as in 2020?,0.054,98.9002,98.9542,0.0,783.6649,7.92,87.0738,2025-11-26 16:15:09
deepseek-r1:7b,global_development,question_16,What is the average digital readiness score of high income countries in 2019?,0.1782,112.1468,112.325,0.0,1184.4239,10.54,131.6027,2025-11-26 16:17:02
deepseek-r1:7b,global_development,question_17,Which country has the lowest global resilience score?,0.0841,115.0982,115.1823,0.0,1234.9356,10.72,137.2151,2025-11-26 16:18:57
deepseek-r1:7b,global_development,question_18,What is the highest energy per capita score in 2020? In which country,0.13,69.8823,70.0123,0.0,564.0376,8.06,62.6708,2025-11-26 16:20:07
deepseek-r1:7b,global_development,question_19,What country has the longest period of deflation? Deflation is known as when the inflation is negative,0.0618,50.2352,50.297,0.0,428.9776,8.53,47.6642,2025-11-26 16:20:58
deepseek-r1:7b,global_development,question_2,Country with the highest global development resilience score in 2020,0.0554,127.0336,127.089,0.0,1077.7505,8.48,119.75,2025-11-26 16:23:05
deepseek-r1:7b,global_development,question_20,Which country has the highest gdp per capita among lower middle income group?,0.0581,87.4071,87.4652,0.0,734.9583,8.4,81.662,2025-11-26 16:24:33
deepseek-r1:7b,global_development,question_21,Number of countries have higher economic opportunity than the world,0.0452,93.0138,93.059,0.0,692.4148,7.44,76.935,2025-11-26 16:26:06
deepseek-r1:7b,global_development,question_22,"Looking at the green transition score of all the countries and regions over the years, what is the common patterns?",0.0601,139.9825,140.0426,0.0,1226.94,8.76,136.3267,2025-11-26 16:28:26
deepseek-r1:7b,global_development,question_23,Explain for me the correlations of human development index and gdp per capita,0.057,82.097,82.154,0.0,598.038,7.28,66.4487,2025-11-26 16:29:49
deepseek-r1:7b,global_development,question_24,Evaluate the differences in digital readiness of South Asia compared to Europe region,0.0453,171.2845,171.3298,0.0,1357.1318,7.92,150.7924,2025-11-26 16:32:40
deepseek-r1:7b,global_development,question_25,Is there any correlation between governance quality and digital readiness score of South Asia?,0.0469,158.7388,158.7857,0.0,1194.1848,7.52,132.6872,2025-11-26 16:35:19
deepseek-r1:7b,global_development,question_26,Does the school enrolment in secondary affect the HDI in South Asia?,0.0472,115.8755,115.9227,0.0,876.4622,7.56,97.3847,2025-11-26 16:37:16
deepseek-r1:7b,global_development,question_27,What is the relationship of the FDI percentage of gdp and economic grow in middle and low income group?,0.0591,212.6656,212.7247,0.0,1489.2756,7.0,165.4751,2025-11-26 16:40:48
deepseek-r1:7b,global_development,question_28,"Compare the economic opportunity index of high income, middlie income groups and the world",0.0477,147.7831,147.8308,0.0,1182.937,8.0,131.4375,2025-11-26 16:43:17
deepseek-r1:7b,global_development,question_29,Is the weather vulnerability related to the child mortality in high income country?,0.0528,48.509,48.5618,0.0,318.6138,6.56,35.4015,2025-11-26 16:44:05
deepseek-r1:7b,global_development,question_3,What is the human development index score of Vietnam in 2019?,0.0391,304.6329,304.672,0.0,2729.8719,8.96,303.3191,2025-11-26 16:49:10
deepseek-r1:7b,global_development,question_30,Do countries with high weather vulnerability score have higher green transition scores? Explain for me the implication,0.0582,80.2203,80.2785,0.0,607.1011,7.56,67.4556,2025-11-26 16:50:31
deepseek-r1:7b,global_development,question_31,What is the relationship between unemployment rate and inflation of US through years?,0.056,139.3222,139.3782,0.0,1354.7405,9.72,150.5267,2025-11-26 16:52:50
deepseek-r1:7b,global_development,question_4,What is the inflation rate of Vietnam in 2009?,0.0753,126.912,126.9873,0.0,1087.066,8.56,120.7851,2025-11-26 16:54:58
deepseek-r1:7b,global_development,question_5,What is the unemployment rate of Europe region in 2008?,0.0833,78.8334,78.9167,0.0,732.6336,9.28,81.4037,2025-11-26 16:56:17
deepseek-r1:7b,global_development,question_6,What is the life expectancy of Japan in 2020?,0.0575,55.0612,55.1187,0.0,469.8302,8.52,52.2033,2025-11-26 16:57:12
deepseek-r1:7b,global_development,question_7,What is the economic opportunity index of indebt countries group in 2020?,0.0748,64.1258,64.2006,0.0,606.1166,9.44,67.3463,2025-11-26 16:58:16
deepseek-r1:7b,global_development,question_8,What is the gpd per capita of OECD group in 2019?,0.0745,126.9624,127.0369,0.0,1128.2214,8.88,125.3579,2025-11-26 17:00:24
deepseek-r1:7b,global_development,question_9,What is the green transition score of lower middle income group in 2020?,0.0677,116.3286,116.3963,0.0,1173.4371,10.08,130.3819,2025-11-26 17:02:20
deepseek-r1:7b,happiness_record,question_1,What is the positive affect of US in 2008?,0.0835,124.9393,125.0228,0.0,626.2539,5.01,69.5837,2025-11-26 17:04:25
deepseek-r1:7b,happiness_record,question_10,What is the Confidence In National Government of Singapore in 2022?,0.0383,59.8678,59.9061,0.0,304.4794,5.08,33.831,2025-11-26 17:05:26
deepseek-r1:7b,happiness_record,question_11,What is the average positive affect of all countries in 2008?,0.0477,96.4158,96.4635,0.0,544.2051,5.64,60.4672,2025-11-26 17:07:02
deepseek-r1:7b,happiness_record,question_12,What is the average life ladder of Asia countries in 2022?,0.0398,57.7762,57.816,0.0,286.9318,4.96,31.8813,2025-11-26 17:08:00
deepseek-r1:7b,happiness_record,question_13,Which country has the highest average long gdp per capita through years?,0.0407,79.4803,79.521,0.0,397.6523,5.0,44.1835,2025-11-26 17:09:20
deepseek-r1:7b,happiness_record,question_14,Which country has the lowest average social support score over years?,0.0406,48.852,48.8926,0.0,242.6966,4.96,26.9663,2025-11-26 17:10:09
deepseek-r1:7b,happiness_record,question_15,What is the average Healthy Life Expectancy At Birth of the world after 2020? ,0.0391,119.494,119.5331,0.0,612.1896,5.12,68.0211,2025-11-26 17:12:09
deepseek-r1:7b,happiness_record,question_16,Which country has the highest freedom to make choices index? What region is it from? ,0.0441,65.989,66.0331,0.0,372.4337,5.64,41.3815,2025-11-26 17:13:15
deepseek-r1:7b,happiness_record,question_17,How many countries have higher average generiosity over years compared to the world' average?,0.0424,148.3584,148.4008,0.0,813.2836,5.48,90.3649,2025-11-26 17:15:44
deepseek-r1:7b,happiness_record,question_18,Which region has the highest average perceptions of corruption?,0.0544,118.9623,119.0167,0.0,766.4217,6.44,85.158,2025-11-26 17:22:41
deepseek-r1:7b,happiness_record,question_19,Which country has the highest average negative affect in 2022? ,0.0541,108.6103,108.6644,0.0,1303.6372,12.0,144.8485,2025-11-26 17:29:27
deepseek-r1:7b,happiness_record,question_2,What is the life ladder of Vietnam in 2022?,0.2775,156.9449,157.2224,0.0,1362.2763,8.66,151.364,2025-11-26 17:32:05
deepseek-r1:7b,happiness_record,question_20,What is the average Confidence In National Government score of Vietnam over years?,0.0592,75.8597,75.9189,0.0,392.0686,5.16,43.5632,2025-11-26 17:33:21
deepseek-r1:7b,happiness_record,question_21,What are the countries having confidence in national goverment higher than world average in 2022?,0.1158,49.2993,49.4151,0.0,265.9024,5.38,29.5447,2025-11-26 17:34:11
deepseek-r1:7b,happiness_record,question_22,Interpret for me the current trend in positive affect of the world from 2008 to 2022?,0.0482,84.7636,84.8118,0.0,437.8259,5.16,48.6473,2025-11-26 17:35:36
deepseek-r1:7b,happiness_record,question_23,Comparing the life ladder of Asia and Europe to tell me which region is worth to live?,0.0532,111.2977,111.3509,0.0,552.4794,4.96,61.3866,2025-11-26 17:37:27
deepseek-r1:7b,happiness_record,question_24,Are countries with higher long gdp per capita likely to have higher positive effect over years? Comparing the data to evaluate ,0.0644,65.7981,65.8625,0.0,329.7809,5.01,36.6423,2025-11-26 17:38:33
deepseek-r1:7b,happiness_record,question_25,Does lack of social support lead to higher negative affect over years? ,0.0595,79.8669,79.9264,0.0,422.0754,5.28,46.8972,2025-11-26 17:39:53
deepseek-r1:7b,happiness_record,question_26,"Analyze the trend of Healthy Life Expectancy At Birth by region (Asia, Europe, North America)",0.0551,112.712,112.7671,0.0,667.6171,5.92,74.1797,2025-11-26 17:46:44
deepseek-r1:7b,happiness_record,question_27,Evaluate for me the relationship between freedom to make choices and positive affect of Asia and North America countries. Explain the reasons.,0.0719,169.1769,169.2488,0.0,1164.4693,6.88,129.3854,2025-11-26 18:21:48
deepseek-r1:7b,happiness_record,question_28,What is the current movement of generiosity of Asian countries over years? Explain the reasons.,0.0613,177.8188,177.8801,0.0,1366.1214,7.68,151.7913,2025-11-26 19:12:05
deepseek-r1:7b,happiness_record,question_29,What is the relationship of percptions of corruption and confidence in national government?,0.0518,86.3832,86.435,0.0,446.0066,5.16,49.5563,2025-11-26 19:13:32
deepseek-r1:7b,happiness_record,question_3,What is the long GDP per capita of China in 2009?,0.0489,179.3965,179.4454,0.0,897.264,5.0,99.696,2025-11-26 19:16:32
deepseek-r1:7b,happiness_record,question_30,Do high long gdp per capita countries have higher negative affects? Explain the results.,0.0631,83.2601,83.3232,0.0,446.764,5.36,49.6404,2025-11-26 19:17:55
deepseek-r1:7b,happiness_record,question_31,How differences in Confidence In National Government score comparing all the regions? Evaluate the importance of governance trust on positive affects.,0.0568,104.7478,104.8046,0.0,515.7231,4.92,57.3025,2025-11-26 19:19:40
deepseek-r1:7b,happiness_record,question_4,What is the social support index of Germany in 2008?,0.0575,56.0067,56.0642,0.0,284.8338,5.08,31.6482,2025-11-26 19:20:36
deepseek-r1:7b,happiness_record,question_5,What is the Healthy Life Expectancy At Birth of Japan in 2020?,0.0527,65.826,65.8787,0.0,337.398,5.12,37.4887,2025-11-26 19:21:43
deepseek-r1:7b,happiness_record,question_6,What is the Freedom To Make Life Choices of Vietnam in 2018?,0.0563,46.9721,47.0284,0.0,233.6935,4.97,25.966,2025-11-26 19:22:30
deepseek-r1:7b,happiness_record,question_7,What is the generiosity score of Singapore in 2022?,0.0529,75.1689,75.2218,0.0,367.3747,4.88,40.8194,2025-11-26 19:23:45
deepseek-r1:7b,happiness_record,question_8,What is the Perceptions Of Corruption of Ecuador in 2008?,0.0558,140.7391,140.7949,0.0,732.1984,5.2,81.3554,2025-11-26 19:26:06
deepseek-r1:7b,happiness_record,question_9,What is the negative affect of Japan in 2022?,0.062,91.8578,91.9198,0.0,544.8431,5.93,60.5381,2025-11-26 19:27:38
gemma3:4b,country_income,question_1,What is the gini recalculated of Vietnam in 2015?,0.0761,8.2301,8.3062,0.0,78.7398,9.48,8.7489,2025-11-26 19:27:47
gemma3:4b,country_income,question_10,What is the net income of each category of Vietnam in 2015?,0.0449,4.7175,4.7624,0.0,34.9404,7.34,3.8822,2025-11-26 19:27:52
gemma3:4b,country_income,question_11,What is the average of gini recalcuated score of Vietnam by year?,0.053,2.0453,2.0983,0.0,10.5431,5.02,1.1715,2025-11-26 19:27:54
gemma3:4b,country_income,question_12,Top 5 country that have highest gini recalulated in 2015,0.0455,5.0738,5.1193,0.0,28.7773,5.62,3.1975,2025-11-26 19:28:00
gemma3:4b,country_income,question_13,Top 5 country of which d1 category has highest net income in 2015,0.0511,11.9245,11.9756,0.0,67.1801,5.61,7.4645,2025-11-26 19:28:12
gemma3:4b,country_income,question_14,How many countries have gini recalculated lower than the world average in 2015?,0.0637,2.6004,2.6641,0.0,13.4321,5.04,1.4924,2025-11-26 19:28:15
gemma3:4b,country_income,question_15,What is the average of d10 net income of Vietnam over years?,0.0507,1.6919,1.7426,0.0,9.5627,5.49,1.0625,2025-11-26 19:28:17
gemma3:4b,country_income,question_16,What is the total net income of d5 to d9 groups of Vietnam in 2015?,0.0571,3.4667,3.5238,0.0,20.1679,5.72,2.2408,2025-11-26 19:28:20
gemma3:4b,country_income,question_17,What is the average gini recalculated score of top 5 countries having highest population in 2015?,0.0327,15.1813,15.214,0.0,79.2267,5.21,8.803,2025-11-26 19:28:36
gemma3:4b,country_income,question_18,Calculate the average gini of countries by region ID in 2015,0.069,71.9461,72.0151,0.0,481.2458,6.68,53.4717,2025-11-26 19:29:48
gemma3:4b,country_income,question_19,What is the growth rate of gini recalculated of Vietnam for each year?,0.0654,4.8274,4.8928,0.0,37.8457,7.73,4.205,2025-11-26 19:29:53
gemma3:4b,country_income,question_2,What is the net income of d10 category of US in 2015?,0.0545,3.8038,3.8583,0.0,18.844,4.88,2.0938,2025-11-26 19:29:57
gemma3:4b,country_income,question_20,The average gini recalculated of the world in 2015,0.0493,3.2935,3.3428,0.0,22.2355,6.65,2.4706,2025-11-26 19:30:01
gemma3:4b,country_income,question_21,What is the ratio of net income of d10 to d1 group of Singapore in 2015?,0.0511,3.4669,3.518,0.0,20.8518,5.93,2.3168,2025-11-26 19:30:04
gemma3:4b,country_income,question_22,Vietnam released economic reformation policy named 'Doi Moi' from 1986 to 2000. Evaluate the effectiveness of the policy based on the gini score trend of the country in 2 phases: Before 1986 and after 1986,0.0348,23.4044,23.4392,0.0,137.8514,5.88,15.3169,2025-11-26 19:30:28
gemma3:4b,country_income,question_23,Analyze the trend of world's income inequality across region from 1967 to 2015.,0.0865,41.6975,41.784,0.0,219.0761,5.24,24.3418,2025-11-26 19:31:10
gemma3:4b,country_income,question_24,Does higher gdp per capita posiviely correlated with high income inequality? Explain possible reasons,0.0779,25.7211,25.799,0.0,130.2322,5.05,14.4702,2025-11-26 19:31:36
gemma3:4b,country_income,question_25,The financial crisis happened in 2008. Evaluate the income inequality before and after the event in US.,0.0788,42.8925,42.9713,0.0,227.0869,5.28,25.2319,2025-11-26 19:32:19
gemma3:4b,country_income,question_26,Analyze the trend of income inequality and gdp per capita of Singapore from 1970 onward.,0.0724,31.1853,31.2577,0.0,156.3986,5.0,17.3776,2025-11-26 19:32:51
gemma3:4b,country_income,question_27,Does population affect income inequality? Analyze gini index of China through years to explain,0.0535,62.3775,62.431,0.0,332.253,5.32,36.917,2025-11-26 19:33:53
gemma3:4b,country_income,question_28,Comparing the gini index of China and US over years to evaluate which country has higher income inequality,0.0628,7.3162,7.379,0.0,40.8956,5.54,4.544,2025-11-26 19:34:01
gemma3:4b,country_income,question_29,Which region ID has high income inequality? Explain reasons behind it,0.0591,12.1379,12.197,0.0,56.2147,4.61,6.2461,2025-11-26 19:34:13
gemma3:4b,country_income,question_3,What is the net income of d1 category of Thailand in 2009?,0.0458,3.793,3.8388,0.0,26.9667,7.02,2.9963,2025-11-26 19:34:18
gemma3:4b,country_income,question_30,"What are the common patterns can be observed from countries with high income inequality in 2015, knowing gini greater than 0.4 is considered as high inequality",0.0478,24.1829,24.2307,0.0,113.5473,4.69,12.6163,2025-11-26 19:34:42
gemma3:4b,country_income,question_31,"Evaluate the net income gap between low income group d1 to d4, middle income group d5 to d9 and high income group d10 in Vietnam and propose improvement plan",0.064,11.0338,11.0978,0.0,59.6196,5.37,6.6244,2025-11-26 19:34:53
gemma3:4b,country_income,question_4,What is the net income of d10 group of Singapore in 1970?,0.0465,3.485,3.5315,0.0,17.165,4.86,1.9072,2025-11-26 19:34:57
gemma3:4b,country_income,question_5,What is the population of China in 2000?,0.0456,3.9505,3.9961,0.0,19.9678,5.0,2.2186,2025-11-26 19:35:01
gemma3:4b,country_income,question_6,What is the gdp per capita of Sweden in 2015?,0.0438,5.1713,5.2151,0.0,29.4065,5.64,3.2674,2025-11-26 19:35:07
gemma3:4b,country_income,question_7,Distinct list of region ID,0.054,15.5211,15.5751,0.0,79.2555,5.09,8.8062,2025-11-26 19:35:23
gemma3:4b,country_income,question_8,All the countries have gini recalculated greater than 0.4 in 2015,0.0611,27.7719,27.833,0.0,143.7921,5.17,15.9769,2025-11-26 19:35:51
gemma3:4b,country_income,question_9,"What is the gpd per capita, population and gini coefficient of Vietnam in 2010?",0.0635,4.756,4.8195,0.0,23.4432,4.86,2.6048,2025-11-26 19:35:56
gemma3:4b,finance_economics,question_1,"The inflation rate of November 28, 2008",0.035,4.2292,4.2642,0.0,20.9813,4.92,2.3312,2025-11-26 19:36:00
gemma3:4b,finance_economics,question_10,"The unemployment rate, interest rate, inflation rate, the date where Dow Jones has top trading volume",0.0378,21.2225,21.2603,0.0,102.2116,4.81,11.3569,2025-11-26 19:36:22
gemma3:4b,finance_economics,question_11,"Number of days which the closing price is higher than the open price of Dow Jones, S&P 500, NASDAQ",0.0467,4.6307,4.6774,0.0,26.3302,5.63,2.9256,2025-11-26 19:36:26
gemma3:4b,finance_economics,question_12,The annual consumer spending from 2000 to 2008,0.0324,13.4159,13.4483,0.0,74.3238,5.53,8.2582,2025-11-26 19:36:40
gemma3:4b,finance_economics,question_13,The annual growth rate of consumer confidence index from 2000 to 2008,0.0325,8.6701,8.7026,0.0,45.3564,5.21,5.0396,2025-11-26 19:36:49
gemma3:4b,finance_economics,question_14,Ratio of days having negative gdp growth to total days,0.0363,4.1995,4.2358,0.0,21.0068,4.96,2.3341,2025-11-26 19:36:54
gemma3:4b,finance_economics,question_15,The average bankruptcy rate and M&A deals by year,0.034,8.0246,8.0586,0.0,43.5979,5.41,4.8442,2025-11-26 19:37:02
gemma3:4b,finance_economics,question_16,Number of days where the gdp growth is negative,0.0366,2.1815,2.2181,0.0,18.1957,8.2,2.0217,2025-11-26 19:37:04
gemma3:4b,finance_economics,question_17,"Average monthly trading volume of NASDAQ, S&P 500, Dow Jones",0.0364,11.959,11.9954,0.0,70.6002,5.89,7.8444,2025-11-26 19:37:16
gemma3:4b,finance_economics,question_18,Which year has the highest average consumer confidence index?,0.0327,4.7675,4.8002,0.0,24.7835,5.16,2.7537,2025-11-26 19:37:21
gemma3:4b,finance_economics,question_19,The annual average venture capital funding by year,0.0324,9.7116,9.744,0.0,51.0348,5.24,5.6706,2025-11-26 19:37:31
gemma3:4b,finance_economics,question_2,"The open price, close price, trading volume of Feb 20, 2000",0.0327,4.8003,4.833,0.0,23.4727,4.86,2.6081,2025-11-26 19:37:36
gemma3:4b,finance_economics,question_20,The ratio of government debt to consumer spending by year,0.0322,10.5272,10.5594,0.0,57.4585,5.44,6.3842,2025-11-26 19:37:47
gemma3:4b,finance_economics,question_21,Average gold price by year,0.0352,8.4593,8.4945,0.0,39.4004,4.64,4.3778,2025-11-26 19:37:56
gemma3:4b,finance_economics,question_22,"2008 was the year of global financial crisis. Evaluate some indicators that signaled this recession, and propose a risk mitigation strategy for stock investing",0.0304,83.9673,83.9977,0.0,423.4019,5.04,47.0447,2025-11-26 19:39:20
gemma3:4b,finance_economics,question_23,Does government debt effect GDP growth? Analyze the given data and recommend policymakers on how to create positive gdp growth,0.0607,46.247,46.3077,0.0,233.4319,5.04,25.9369,2025-11-26 19:40:07
gemma3:4b,finance_economics,question_24,Low interest rate leads to risky money flow into stock and consumer spending. Evaluate the data to verify the accuracy of this statement. ,0.0492,7.9538,8.003,0.0,36.6693,4.58,4.0743,2025-11-26 19:40:15
gemma3:4b,finance_economics,question_25,"Analyze the past performance of all the asset types, stock, commodity, real estate, forex and propose which type of asset is worth to invest in based on investors' risk apetite",0.0285,7.4693,7.4978,0.0,42.0354,5.61,4.6706,2025-11-26 19:40:23
gemma3:4b,finance_economics,question_26,Evaluate the relationship between inflation rate and consumer spending,0.0297,23.2504,23.2801,0.0,113.7079,4.88,12.6343,2025-11-26 19:40:46
gemma3:4b,finance_economics,question_27,"Which stock indexes should investors invest in? Analyze NASDAQ, S&P 500, Dow Jones performances",0.0447,13.2286,13.2733,0.0,84.3843,6.36,9.376,2025-11-26 19:41:00
gemma3:4b,finance_economics,question_28,"What is the relationship between interest rate, unemployment rate and corporate profits? Propose strategy for policymakers to promote corporate activities",0.0309,51.9623,51.9932,0.0,380.5294,7.32,42.2811,2025-11-26 19:41:52
gemma3:4b,finance_economics,question_29,"venture capital funding is private fundraising, wheras stock index activities is public fundraising. Which fundraising channel is more active in US, explain the reasons",0.058,26.608,26.666,0.0,171.9822,6.45,19.1091,2025-11-26 19:42:19
gemma3:4b,finance_economics,question_3,"The gold price, crude oil price, real estate index of Jan 1, 2008",0.0553,7.4416,7.4969,0.0,92.2779,12.31,10.2531,2025-11-26 19:42:26
gemma3:4b,finance_economics,question_30,"Recommend asset classes to invest when the USD currency is appreciated, and when it is depreciated",0.0444,8.5038,8.5482,0.0,71.1549,8.32,7.9061,2025-11-26 19:42:35
gemma3:4b,finance_economics,question_31,"When it is best to invest in real estate in terms of interest rate environment, stock performance and unemployment context?",0.0324,79.0372,79.0696,0.0,414.3919,5.24,46.0435,2025-11-26 19:43:54
gemma3:4b,finance_economics,question_4,"The consumer confidence index of 24 December, 2007",0.0567,4.2358,4.2925,0.0,21.7019,5.06,2.4113,2025-11-26 19:43:59
gemma3:4b,finance_economics,question_5,"The date, stock index on which stock index reached the highest Daily High",0.0376,5.0512,5.0888,0.0,23.9965,4.72,2.6663,2025-11-26 19:44:04
gemma3:4b,finance_economics,question_6,"The date, gold price, crude oil price and gdp growth where unemployment rate reached the highest",0.0353,7.0693,7.1046,0.0,41.2339,5.8,4.5816,2025-11-26 19:44:12
gemma3:4b,finance_economics,question_7,"The date, forex US/EUR, US/JPY where gdp growth is negative",0.0355,11.4496,11.4851,0.0,61.1151,5.32,6.7906,2025-11-26 19:44:23
gemma3:4b,finance_economics,question_8,The date where trading volumne is the largest,0.0409,2.5692,2.6101,0.0,19.2036,7.36,2.1338,2025-11-26 19:44:26
gemma3:4b,finance_economics,question_9,"The date, consumer confidence index, consumer spending where the bankruptcy rate is highest",0.0394,11.7193,11.7587,0.0,66.6316,5.67,7.4035,2025-11-26 19:44:38
gemma3:4b,global_development,question_1,What is the digital readiness score of South Asia in 2020?,0.0355,4.1348,4.1703,0.0,23.9759,5.75,2.664,2025-11-26 19:44:43
gemma3:4b,global_development,question_10,What is the unemployment rate of US in 2020?,0.0369,2.6035,2.6404,0.0,13.3655,5.06,1.4851,2025-11-26 19:44:45
gemma3:4b,global_development,question_11,To what extent has the world's GDP per capita grown between 2000 and 2020?,0.0316,3.6992,3.7308,0.0,19.1433,5.13,2.127,2025-11-26 19:44:49
gemma3:4b,global_development,question_12,What is the average economic opportunity index of low and indebt countries?,0.0358,2.5004,2.5362,0.0,13.0666,5.15,1.4519,2025-11-26 19:44:52
gemma3:4b,global_development,question_13,How many countries has the gdp per capita lower than the world in 2019?,0.0386,2.9693,3.0079,0.0,20.599,6.85,2.2888,2025-11-26 19:44:55
gemma3:4b,global_development,question_14,Which country has the highest health expenditure per capita in 2020?,0.0377,5.6177,5.6554,0.0,33.0263,5.84,3.6696,2025-11-26 19:45:01
gemma3:4b,global_development,question_15,How many countries are in lower middle income group as in 2020?,0.0405,3.6533,3.6938,0.0,28.3729,7.68,3.1526,2025-11-26 19:45:05
gemma3:4b,global_development,question_16,What is the average digital readiness score of high income countries in 2019?,0.027,3.0961,3.1231,0.0,15.7706,5.05,1.7523,2025-11-26 19:45:08
gemma3:4b,global_development,question_17,Which country has the lowest global resilience score?,0.0382,1.985,2.0232,0.0,15.9225,7.87,1.7692,2025-11-26 19:45:11
gemma3:4b,global_development,question_18,What is the highest energy per capita score in 2020? In which country,0.0286,2.6604,2.689,0.0,13.1943,4.91,1.466,2025-11-26 19:45:14
gemma3:4b,global_development,question_19,What country has the longest period of deflation? Deflation is known as when the inflation is negative,0.0378,3.5989,3.6367,0.0,19.5852,5.39,2.1762,2025-11-26 19:45:17
gemma3:4b,global_development,question_2,Country with the highest global development resilience score in 2020,0.0364,2.6799,2.7163,0.0,19.1886,7.06,2.1321,2025-11-26 19:45:20
gemma3:4b,global_development,question_20,Which country has the highest gdp per capita among lower middle income group?,0.0354,8.1433,8.1787,0.0,44.4452,5.43,4.9383,2025-11-26 19:45:29
gemma3:4b,global_development,question_21,Number of countries have higher economic opportunity than the world,0.0468,2.6973,2.7441,0.0,13.6368,4.97,1.5152,2025-11-26 19:45:32
gemma3:4b,global_development,question_22,"Looking at the green transition score of all the countries and regions over the years, what is the common patterns?",0.0457,25.2704,25.3161,0.0,127.6191,5.04,14.1799,2025-11-26 19:45:57
gemma3:4b,global_development,question_23,Explain for me the correlations of human development index and gdp per capita,0.0531,8.2586,8.3117,0.0,45.961,5.53,5.1067,2025-11-26 19:46:06
gemma3:4b,global_development,question_24,Evaluate the differences in digital readiness of South Asia compared to Europe region,0.0348,8.981,9.0158,0.0,47.599,5.28,5.2887,2025-11-26 19:46:15
gemma3:4b,global_development,question_25,Is there any correlation between governance quality and digital readiness score of South Asia?,0.04,2.8192,2.8592,0.0,17.0023,5.95,1.8891,2025-11-26 19:46:18
gemma3:4b,global_development,question_26,Does the school enrolment in secondary affect the HDI in South Asia?,0.086,14.1359,14.2219,0.0,78.0461,5.49,8.6718,2025-11-26 19:46:33
gemma3:4b,global_development,question_27,What is the relationship of the FDI percentage of gdp and economic grow in middle and low income group?,0.039,4.6465,4.6855,0.0,24.1443,5.15,2.6827,2025-11-26 19:46:37
gemma3:4b,global_development,question_28,"Compare the economic opportunity index of high income, middlie income groups and the world",0.0337,6.7633,6.797,0.0,32.6309,4.8,3.6257,2025-11-26 19:46:44
gemma3:4b,global_development,question_29,Is the weather vulnerability related to the child mortality in high income country?,0.0302,6.6362,6.6664,0.0,38.6928,5.8,4.2992,2025-11-26 19:46:51
gemma3:4b,global_development,question_3,What is the human development index score of Vietnam in 2019?,0.0392,2.7273,2.7665,0.0,13.7967,4.99,1.533,2025-11-26 19:46:54
gemma3:4b,global_development,question_30,Do countries with high weather vulnerability score have higher green transition scores? Explain for me the implication,0.0344,56.9166,56.951,0.0,300.7924,5.28,33.4214,2025-11-26 19:47:52
gemma3:4b,global_development,question_31,What is the relationship between unemployment rate and inflation of US through years?,0.0759,20.578,20.6539,0.0,100.9642,4.89,11.2182,2025-11-26 19:48:12
gemma3:4b,global_development,question_4,What is the inflation rate of Vietnam in 2009?,0.0529,2.7906,2.8435,0.0,14.1274,4.97,1.5697,2025-11-26 19:48:15
gemma3:4b,global_development,question_5,What is the unemployment rate of Europe region in 2008?,0.0312,3.237,3.2682,0.0,18.9605,5.8,2.1067,2025-11-26 19:48:19
gemma3:4b,global_development,question_6,What is the life expectancy of Japan in 2020?,0.0346,2.4347,2.4693,0.0,14.4427,5.85,1.6047,2025-11-26 19:48:22
gemma3:4b,global_development,question_7,What is the economic opportunity index of indebt countries group in 2020?,0.0359,67.5318,67.5677,0.0,343.3848,5.08,38.1539,2025-11-26 19:49:29
gemma3:4b,global_development,question_8,What is the gpd per capita of OECD group in 2019?,0.053,6.5692,6.6222,0.0,31.9693,4.83,3.5522,2025-11-26 19:49:36
gemma3:4b,global_development,question_9,What is the green transition score of lower middle income group in 2020?,0.0357,4.0307,4.0664,0.0,20.9373,5.15,2.3263,2025-11-26 19:49:41
gemma3:4b,happiness_record,question_1,What is the positive affect of US in 2008?,0.0348,3.524,3.5588,0.0,23.6011,6.63,2.6224,2025-11-26 19:49:44
gemma3:4b,happiness_record,question_10,What is the Confidence In National Government of Singapore in 2022?,0.0327,3.5674,3.6001,0.0,18.9268,5.26,2.103,2025-11-26 19:49:48
gemma3:4b,happiness_record,question_11,What is the average positive affect of all countries in 2008?,0.0309,2.7434,2.7743,0.0,14.3215,5.16,1.5913,2025-11-26 19:49:51
gemma3:4b,happiness_record,question_12,What is the average life ladder of Asia countries in 2022?,0.0431,3.3589,3.402,0.0,16.5155,4.85,1.835,2025-11-26 19:49:55
gemma3:4b,happiness_record,question_13,Which country has the highest average long gdp per capita through years?,0.0332,15.7465,15.7797,0.0,80.1597,5.08,8.9066,2025-11-26 19:50:11
gemma3:4b,happiness_record,question_14,Which country has the lowest average social support score over years?,0.0459,9.8453,9.8912,0.0,53.9733,5.46,5.997,2025-11-26 19:50:21
gemma3:4b,happiness_record,question_15,What is the average Healthy Life Expectancy At Birth of the world after 2020? ,0.0356,3.1029,3.1385,0.0,15.8166,5.04,1.7574,2025-11-26 19:50:24
gemma3:4b,happiness_record,question_16,Which country has the highest freedom to make choices index? What region is it from? ,0.0364,6.0681,6.1045,0.0,34.864,5.71,3.8737,2025-11-26 19:50:31
gemma3:4b,happiness_record,question_17,How many countries have higher average generiosity over years compared to the world' average?,0.0582,2.6309,2.6891,0.0,16.9217,6.29,1.8802,2025-11-26 19:50:33
gemma3:4b,happiness_record,question_18,Which region has the highest average perceptions of corruption?,0.0378,2.7567,2.7945,0.0,14.5922,5.22,1.6213,2025-11-26 19:50:36
gemma3:4b,happiness_record,question_19,Which country has the highest average negative affect in 2022? ,0.0318,3.8354,3.8672,0.0,21.721,5.62,2.4135,2025-11-26 19:50:41
gemma3:4b,happiness_record,question_2,What is the life ladder of Vietnam in 2022?,0.0367,2.5353,2.572,0.0,13.0332,5.07,1.4481,2025-11-26 19:50:43
gemma3:4b,happiness_record,question_20,What is the average Confidence In National Government score of Vietnam over years?,0.0309,2.8212,2.8521,0.0,19.0692,6.69,2.1188,2025-11-26 19:50:46
gemma3:4b,happiness_record,question_21,What are the countries having confidence in national goverment higher than world average in 2022?,0.0383,4.3289,4.3672,0.0,22.9577,5.26,2.5509,2025-11-26 19:50:51
gemma3:4b,happiness_record,question_22,Interpret for me the current trend in positive affect of the world from 2008 to 2022?,0.0347,16.4073,16.442,0.0,85.4913,5.2,9.4991,2025-11-26 19:51:08
gemma3:4b,happiness_record,question_23,Comparing the life ladder of Asia and Europe to tell me which region is worth to live?,0.0516,11.2846,11.3362,0.0,60.4512,5.33,6.7168,2025-11-26 19:51:19
gemma3:4b,happiness_record,question_24,Are countries with higher long gdp per capita likely to have higher positive effect over years? Comparing the data to evaluate ,0.042,20.896,20.938,0.0,100.5038,4.8,11.1671,2025-11-26 19:51:40
gemma3:4b,happiness_record,question_25,Does lack of social support lead to higher negative affect over years? ,0.0455,26.8459,26.8914,0.0,138.7943,5.16,15.4216,2025-11-26 19:52:07
gemma3:4b,happiness_record,question_26,"Analyze the trend of Healthy Life Expectancy At Birth by region (Asia, Europe, North America)",0.0547,6.2964,6.3511,0.0,30.4851,4.8,3.3873,2025-11-26 19:52:14
gemma3:4b,happiness_record,question_27,Evaluate for me the relationship between freedom to make choices and positive affect of Asia and North America countries. Explain the reasons.,0.0451,7.9001,7.9452,0.0,42.0738,5.3,4.6749,2025-11-26 19:52:22
gemma3:4b,happiness_record,question_28,What is the current movement of generiosity of Asian countries over years? Explain the reasons.,0.031,41.4771,41.5081,0.0,227.7238,5.49,25.3026,2025-11-26 19:53:04
gemma3:4b,happiness_record,question_29,What is the relationship of percptions of corruption and confidence in national government?,0.0503,22.8024,22.8527,0.0,122.5954,5.36,13.6217,2025-11-26 19:53:27
gemma3:4b,happiness_record,question_3,What is the long GDP per capita of China in 2009?,0.0599,3.1436,3.2035,0.0,15.6666,4.89,1.7408,2025-11-26 19:53:30
gemma3:4b,happiness_record,question_30,Do high long gdp per capita countries have higher negative affects? Explain the results.,0.0277,40.8937,40.9214,0.0,206.2585,5.04,22.9176,2025-11-26 19:54:12
gemma3:4b,happiness_record,question_31,How differences in Confidence In National Government score comparing all the regions? Evaluate the importance of governance trust on positive affects.,0.0523,27.3505,27.4028,0.0,138.2586,5.05,15.3621,2025-11-26 19:54:39
gemma3:4b,happiness_record,question_4,What is the social support index of Germany in 2008?,0.0556,2.5954,2.651,0.0,12.9796,4.9,1.4422,2025-11-26 19:54:42
gemma3:4b,happiness_record,question_5,What is the Healthy Life Expectancy At Birth of Japan in 2020?,0.0395,2.7609,2.8004,0.0,13.8282,4.94,1.5365,2025-11-26 19:54:45
gemma3:4b,happiness_record,question_6,What is the Freedom To Make Life Choices of Vietnam in 2018?,0.0325,4.1834,4.2159,0.0,25.9643,6.16,2.8849,2025-11-26 19:54:50
gemma3:4b,happiness_record,question_7,What is the generiosity score of Singapore in 2022?,0.0397,3.9824,4.0221,0.0,19.441,4.83,2.1601,2025-11-26 19:54:54
gemma3:4b,happiness_record,question_8,What is the Perceptions Of Corruption of Ecuador in 2008?,0.0341,3.1906,3.2247,0.0,15.1053,4.68,1.6784,2025-11-26 19:54:57
gemma3:4b,happiness_record,question_9,What is the negative affect of Japan in 2022?,0.0315,3.1823,3.2138,0.0,16.0342,4.99,1.7816,2025-11-26 19:55:01
gemma3n:e4b,country_income,question_1,What is the gini recalculated of Vietnam in 2015?,0.0425,13.1818,13.2243,0.0,128.4669,9.71,14.2741,2025-11-26 19:55:14
gemma3n:e4b,country_income,question_10,What is the net income of each category of Vietnam in 2015?,0.0616,9.4207,9.4823,0.0,56.1819,5.92,6.2424,2025-11-26 19:55:24
gemma3n:e4b,country_income,question_11,What is the average of gini recalcuated score of Vietnam by year?,0.0424,9.624,9.6664,0.0,51.0332,5.28,5.6704,2025-11-26 19:55:34
gemma3n:e4b,country_income,question_12,Top 5 country that have highest gini recalulated in 2015,0.0504,13.0596,13.11,0.0,74.136,5.65,8.2373,2025-11-26 19:55:47
gemma3n:e4b,country_income,question_13,Top 5 country of which d1 category has highest net income in 2015,0.0554,8.3584,8.4138,0.0,47.4476,5.64,5.2719,2025-11-26 19:55:56
gemma3n:e4b,country_income,question_14,How many countries have gini recalculated lower than the world average in 2015?,0.0616,4.1938,4.2554,0.0,29.0037,6.82,3.2226,2025-11-26 19:56:00
gemma3n:e4b,country_income,question_15,What is the average of d10 net income of Vietnam over years?,0.0509,7.639,7.6899,0.0,43.0719,5.6,4.7858,2025-11-26 19:56:08
gemma3n:e4b,country_income,question_16,What is the total net income of d5 to d9 groups of Vietnam in 2015?,0.0543,10.663,10.7173,0.0,91.6839,8.55,10.1871,2025-11-26 19:56:19
gemma3n:e4b,country_income,question_17,What is the average gini recalculated score of top 5 countries having highest population in 2015?,0.0338,18.6859,18.7197,0.0,99.6723,5.32,11.0747,2025-11-26 19:56:38
gemma3n:e4b,country_income,question_18,Calculate the average gini of countries by region ID in 2015,0.0781,51.4388,51.5169,0.0,291.2233,5.65,32.3582,2025-11-26 19:57:30
gemma3n:e4b,country_income,question_19,What is the growth rate of gini recalculated of Vietnam for each year?,0.0618,12.9122,12.974,0.0,69.6646,5.37,7.7405,2025-11-26 19:57:43
gemma3n:e4b,country_income,question_2,What is the net income of d10 category of US in 2015?,0.054,7.0712,7.1252,0.0,49.6433,6.97,5.516,2025-11-26 19:57:50
gemma3n:e4b,country_income,question_20,The average gini recalculated of the world in 2015,0.0486,8.7247,8.7733,0.0,48.8538,5.57,5.4282,2025-11-26 19:57:59
gemma3n:e4b,country_income,question_21,What is the ratio of net income of d10 to d1 group of Singapore in 2015?,0.0304,9.1681,9.1985,0.0,45.6391,4.96,5.0711,2025-11-26 19:58:09
gemma3n:e4b,country_income,question_22,Vietnam released economic reformation policy named 'Doi Moi' from 1986 to 2000. Evaluate the effectiveness of the policy based on the gini score trend of the country in 2 phases: Before 1986 and after 1986,0.0518,15.8168,15.8686,0.0,92.6396,5.84,10.2932,2025-11-26 19:58:25
gemma3n:e4b,country_income,question_23,Analyze the trend of world's income inequality across region from 1967 to 2015.,0.0549,27.7754,27.8303,0.0,152.7671,5.49,16.9741,2025-11-26 19:58:53
gemma3n:e4b,country_income,question_25,The financial crisis happened in 2008. Evaluate the income inequality before and after the event in US.,0.0729,11.8709,11.9438,0.0,65.6322,5.5,7.2924,2025-11-26 19:59:05
gemma3n:e4b,country_income,question_26,Analyze the trend of income inequality and gdp per capita of Singapore from 1970 onward.,0.0547,23.1704,23.2251,0.0,116.2632,5.01,12.9182,2025-11-26 19:59:28
gemma3n:e4b,country_income,question_27,Does population affect income inequality? Analyze gini index of China through years to explain,0.0561,33.3035,33.3596,0.0,181.5281,5.44,20.1698,2025-11-26 20:00:02
gemma3n:e4b,country_income,question_28,Comparing the gini index of China and US over years to evaluate which country has higher income inequality,0.0544,34.0439,34.0983,0.0,195.6273,5.74,21.7364,2025-11-26 20:00:36
gemma3n:e4b,country_income,question_29,Which region ID has high income inequality? Explain reasons behind it,0.0812,25.6332,25.7144,0.0,133.7699,5.2,14.8633,2025-11-26 20:01:02
gemma3n:e4b,country_income,question_3,What is the net income of d1 category of Thailand in 2009?,0.0682,4.0536,4.1218,0.0,21.4706,5.21,2.3857,2025-11-26 20:01:06
gemma3n:e4b,country_income,question_30,"What are the common patterns can be observed from countries with high income inequality in 2015, knowing gini greater than 0.4 is considered as high inequality",0.0343,64.4736,64.5079,0.0,335.4572,5.2,37.273,2025-11-26 20:02:11
gemma3n:e4b,country_income,question_31,"Evaluate the net income gap between low income group d1 to d4, middle income group d5 to d9 and high income group d10 in Vietnam and propose improvement plan",0.0862,13.0605,13.1467,0.0,67.0056,5.1,7.4451,2025-11-26 20:02:25
gemma3n:e4b,country_income,question_4,What is the net income of d10 group of Singapore in 1970?,0.055,4.0623,4.1173,0.0,20.5689,5.0,2.2855,2025-11-26 20:02:29
gemma3n:e4b,country_income,question_5,What is the population of China in 2000?,0.0472,5.9827,6.0299,0.0,34.6434,5.75,3.8492,2025-11-26 20:02:35
gemma3n:e4b,country_income,question_6,What is the gdp per capita of Sweden in 2015?,0.0495,4.4361,4.4856,0.0,23.081,5.15,2.5646,2025-11-26 20:02:40
gemma3n:e4b,country_income,question_7,Distinct list of region ID,0.0389,20.2304,20.2693,0.0,113.5529,5.6,12.617,2025-11-26 20:03:00
gemma3n:e4b,country_income,question_8,All the countries have gini recalculated greater than 0.4 in 2015,0.0605,12.4777,12.5382,0.0,74.8005,5.97,8.3111,2025-11-26 20:03:13
gemma3n:e4b,country_income,question_9,"What is the gpd per capita, population and gini coefficient of Vietnam in 2010?",0.0453,11.0485,11.0938,0.0,58.1262,5.24,6.4585,2025-11-26 20:03:24
gemma3n:e4b,finance_economics,question_1,"The inflation rate of November 28, 2008",0.0352,12.8946,12.9298,0.0,70.4245,5.45,7.8249,2025-11-26 20:03:38
gemma3n:e4b,finance_economics,question_10,"The unemployment rate, interest rate, inflation rate, the date where Dow Jones has top trading volume",0.0331,58.4077,58.4408,0.0,306.6011,5.25,34.0668,2025-11-26 20:04:36
gemma3n:e4b,finance_economics,question_11,"Number of days which the closing price is higher than the open price of Dow Jones, S&P 500, NASDAQ",0.0665,87.0284,87.0949,0.0,445.9608,5.12,49.5512,2025-11-26 20:06:04
gemma3n:e4b,finance_economics,question_12,The annual consumer spending from 2000 to 2008,0.0845,1668.0704,1668.1549,0.0,38633.1143,23.16,4292.5683,2025-11-26 21:16:16
gemma3n:e4b,finance_economics,question_13,The annual growth rate of consumer confidence index from 2000 to 2008,0.1117,1111.7471,1111.8588,0.0,28283.5565,25.44,3142.6174,2025-11-26 21:34:48
gemma3n:e4b,finance_economics,question_14,Ratio of days having negative gdp growth to total days,0.1593,4.7696,4.9289,0.0,49.1826,9.98,5.4648,2025-11-26 21:34:53
gemma3n:e4b,finance_economics,question_15,The average bankruptcy rate and M&A deals by year,0.0401,6.8391,6.8792,0.0,51.7367,7.52,5.7485,2025-11-26 21:35:01
gemma3n:e4b,finance_economics,question_16,Number of days where the gdp growth is negative,0.0348,9.244,9.2788,0.0,82.3041,8.87,9.1449,2025-11-26 21:35:10
gemma3n:e4b,finance_economics,question_17,"Average monthly trading volume of NASDAQ, S&P 500, Dow Jones",0.0399,8.821,8.8609,0.0,86.1222,9.72,9.5691,2025-11-26 21:35:19
gemma3n:e4b,finance_economics,question_18,Which year has the highest average consumer confidence index?,0.0402,2.0315,2.0717,0.0,17.3468,8.37,1.9274,2025-11-26 21:35:21
gemma3n:e4b,finance_economics,question_19,The annual average venture capital funding by year,0.0325,12.1436,12.1761,0.0,105.6315,8.68,11.7369,2025-11-26 21:35:34
gemma3n:e4b,finance_economics,question_2,"The open price, close price, trading volume of Feb 20, 2000",0.038,3.6866,3.7246,0.0,33.0009,8.86,3.6668,2025-11-26 21:35:38
gemma3n:e4b,finance_economics,question_20,The ratio of government debt to consumer spending by year,0.0334,21.0067,21.0401,0.0,202.8629,9.64,22.5403,2025-11-26 21:35:59
gemma3n:e4b,finance_economics,question_21,Average gold price by year,0.0652,15.4748,15.54,0.0,171.8536,11.06,19.0949,2025-11-26 21:36:15
gemma3n:e4b,finance_economics,question_22,"2008 was the year of global financial crisis. Evaluate some indicators that signaled this recession, and propose a risk mitigation strategy for stock investing",0.0566,15.6903,15.7469,0.0,158.1333,10.04,17.5704,2025-11-26 21:36:31
gemma3n:e4b,finance_economics,question_23,Does government debt effect GDP growth? Analyze the given data and recommend policymakers on how to create positive gdp growth,0.0544,39.1933,39.2477,0.0,419.1923,10.68,46.5769,2025-11-26 21:37:10
gemma3n:e4b,finance_economics,question_24,Low interest rate leads to risky money flow into stock and consumer spending. Evaluate the data to verify the accuracy of this statement. ,0.0665,7.6555,7.722,0.0,78.9219,10.22,8.7691,2025-11-26 21:37:18
gemma3n:e4b,finance_economics,question_25,"Analyze the past performance of all the asset types, stock, commodity, real estate, forex and propose which type of asset is worth to invest in based on investors' risk apetite",0.0324,19.4855,19.5179,0.0,198.3488,10.16,22.0387,2025-11-26 21:37:38
gemma3n:e4b,finance_economics,question_26,Evaluate the relationship between inflation rate and consumer spending,0.0511,17.1456,17.1967,0.0,185.8979,10.81,20.6553,2025-11-26 21:37:55
gemma3n:e4b,finance_economics,question_27,"Which stock indexes should investors invest in? Analyze NASDAQ, S&P 500, Dow Jones performances",0.0487,11.1322,11.1809,0.0,121.6909,10.88,13.5212,2025-11-26 21:38:07
gemma3n:e4b,finance_economics,question_28,"What is the relationship between interest rate, unemployment rate and corporate profits? Propose strategy for policymakers to promote corporate activities",0.0369,31.9531,31.99,0.0,339.0215,10.6,37.6691,2025-11-26 21:38:39
gemma3n:e4b,finance_economics,question_29,"venture capital funding is private fundraising, wheras stock index activities is public fundraising. Which fundraising channel is more active in US, explain the reasons",0.0714,15.2773,15.3487,0.0,171.2802,11.16,19.0311,2025-11-26 21:38:54
gemma3n:e4b,finance_economics,question_3,"The gold price, crude oil price, real estate index of Jan 1, 2008",0.0576,3.6927,3.7503,0.0,36.6138,9.76,4.0682,2025-11-26 21:38:58
gemma3n:e4b,finance_economics,question_30,"Recommend asset classes to invest when the USD currency is appreciated, and when it is depreciated",0.0324,8.5704,8.6028,0.0,89.8415,10.44,9.9824,2025-11-26 21:39:07
gemma3n:e4b,finance_economics,question_31,"When it is best to invest in real estate in terms of interest rate environment, stock performance and unemployment context?",0.0344,37.5597,37.5941,0.0,363.9552,9.68,40.4395,2025-11-26 21:39:45
gemma3n:e4b,finance_economics,question_4,"The consumer confidence index of 24 December, 2007",0.0723,2.3052,2.3775,0.0,17.2104,7.24,1.9122,2025-11-26 21:39:48
gemma3n:e4b,finance_economics,question_5,"The date, stock index on which stock index reached the highest Daily High",0.0309,2.109,2.1399,0.0,18.4391,8.62,2.0488,2025-11-26 21:39:50
gemma3n:e4b,finance_economics,question_6,"The date, gold price, crude oil price and gdp growth where unemployment rate reached the highest",0.0308,3.6286,3.6594,0.0,30.0627,8.22,3.3403,2025-11-26 21:39:54
gemma3n:e4b,finance_economics,question_7,"The date, forex US/EUR, US/JPY where gdp growth is negative",0.038,77.4619,77.4999,0.0,675.8564,8.72,75.0952,2025-11-26 21:41:11
gemma3n:e4b,finance_economics,question_8,The date where trading volumne is the largest,0.063,2.6247,2.6877,0.0,28.1803,10.48,3.1312,2025-11-26 21:41:14
gemma3n:e4b,finance_economics,question_9,"The date, consumer confidence index, consumer spending where the bankruptcy rate is highest",0.0343,7.9279,7.9622,0.0,66.8399,8.39,7.4267,2025-11-26 21:41:23
gemma3n:e4b,global_development,question_1,What is the digital readiness score of South Asia in 2020?,0.0552,5.5526,5.6078,0.0,47.7235,8.51,5.3026,2025-11-26 21:41:28
gemma3n:e4b,global_development,question_10,What is the unemployment rate of US in 2020?,0.0315,6.0622,6.0937,0.0,42.1006,6.91,4.6779,2025-11-26 21:41:35
gemma3n:e4b,global_development,question_11,To what extent has the world's GDP per capita grown between 2000 and 2020?,0.0329,13.6807,13.7136,0.0,118.986,8.68,13.2206,2025-11-26 21:41:49
gemma3n:e4b,global_development,question_12,What is the average economic opportunity index of low and indebt countries?,0.0436,3.6482,3.6918,0.0,22.6012,6.12,2.5112,2025-11-26 21:41:52
gemma3n:e4b,global_development,question_13,How many countries has the gdp per capita lower than the world in 2019?,0.027,6.1385,6.1655,0.0,45.882,7.44,5.098,2025-11-26 21:41:59
gemma3n:e4b,global_development,question_14,Which country has the highest health expenditure per capita in 2020?,0.0322,4.1722,4.2044,0.0,25.406,6.04,2.8229,2025-11-26 21:42:03
gemma3n:e4b,global_development,question_15,How many countries are in lower middle income group as in 2020?,0.0359,1.9533,1.9892,0.0,11.2622,5.66,1.2514,2025-11-26 21:42:05
gemma3n:e4b,global_development,question_16,What is the average digital readiness score of high income countries in 2019?,0.0341,5.8201,5.8542,0.0,43.3015,7.4,4.8113,2025-11-26 21:42:12
gemma3n:e4b,global_development,question_17,Which country has the lowest global resilience score?,0.0317,3.7767,3.8084,0.0,27.3728,7.19,3.0414,2025-11-26 21:42:16
gemma3n:e4b,global_development,question_18,What is the highest energy per capita score in 2020? In which country,0.0323,3.4746,3.5069,0.0,17.49,4.99,1.9433,2025-11-26 21:42:19
gemma3n:e4b,global_development,question_19,What country has the longest period of deflation? Deflation is known as when the inflation is negative,0.0319,4.8369,4.8688,0.0,25.4181,5.22,2.8242,2025-11-26 21:42:24
gemma3n:e4b,global_development,question_2,Country with the highest global development resilience score in 2020,0.0322,1.8847,1.9169,0.0,10.5299,5.49,1.1699,2025-11-26 21:42:26
gemma3n:e4b,global_development,question_20,Which country has the highest gdp per capita among lower middle income group?,0.0415,2.8538,2.8953,0.0,14.9201,5.15,1.6578,2025-11-26 21:42:30
gemma3n:e4b,global_development,question_21,Number of countries have higher economic opportunity than the world,0.0414,5.3582,5.3996,0.0,32.2034,5.96,3.5781,2025-11-26 21:42:35
gemma3n:e4b,global_development,question_22,"Looking at the green transition score of all the countries and regions over the years, what is the common patterns?",0.0336,26.1947,26.2283,0.0,144.89,5.52,16.0989,2025-11-26 21:43:02
gemma3n:e4b,global_development,question_23,Explain for me the correlations of human development index and gdp per capita,0.0477,15.9506,15.9983,0.0,81.386,5.09,9.0428,2025-11-26 21:43:18
gemma3n:e4b,global_development,question_24,Evaluate the differences in digital readiness of South Asia compared to Europe region,0.0467,4.1446,4.1913,0.0,23.8682,5.69,2.652,2025-11-26 21:43:22
gemma3n:e4b,global_development,question_25,Is there any correlation between governance quality and digital readiness score of South Asia?,0.0322,5.4986,5.5308,0.0,29.2283,5.28,3.2476,2025-11-26 21:43:28
gemma3n:e4b,global_development,question_26,Does the school enrolment in secondary affect the HDI in South Asia?,0.085,20.8182,20.9032,0.0,115.5794,5.53,12.8422,2025-11-26 21:43:49
gemma3n:e4b,global_development,question_27,What is the relationship of the FDI percentage of gdp and economic grow in middle and low income group?,0.0461,10.4708,10.5169,0.0,63.1348,6.0,7.0149,2025-11-26 21:44:00
gemma3n:e4b,global_development,question_28,"Compare the economic opportunity index of high income, middlie income groups and the world",0.0324,6.9967,7.0291,0.0,40.3266,5.74,4.4808,2025-11-26 21:44:07
gemma3n:e4b,global_development,question_29,Is the weather vulnerability related to the child mortality in high income country?,0.0367,4.4002,4.4369,0.0,24.044,5.42,2.6715,2025-11-26 21:44:12
gemma3n:e4b,global_development,question_3,What is the human development index score of Vietnam in 2019?,0.033,6.4374,6.4704,0.0,32.8988,5.08,3.6554,2025-11-26 21:44:18
gemma3n:e4b,global_development,question_30,Do countries with high weather vulnerability score have higher green transition scores? Explain for me the implication,0.0459,12.9806,13.0265,0.0,175.5086,13.47,19.5009,2025-11-26 21:48:53
gemma3n:e4b,global_development,question_31,What is the relationship between unemployment rate and inflation of US through years?,0.0333,13.741,13.7743,0.0,213.6609,15.51,23.7401,2025-11-26 21:49:07
gemma3n:e4b,global_development,question_4,What is the inflation rate of Vietnam in 2009?,0.0505,5.6543,5.7048,0.0,40.9622,7.18,4.5513,2025-11-26 21:49:13
gemma3n:e4b,global_development,question_5,What is the unemployment rate of Europe region in 2008?,0.0341,4.4433,4.4774,0.0,37.882,8.46,4.2091,2025-11-26 21:49:18
gemma3n:e4b,global_development,question_6,What is the life expectancy of Japan in 2020?,0.0351,5.9045,5.9396,0.0,53.8132,9.06,5.9793,2025-11-26 21:49:24
gemma3n:e4b,global_development,question_7,What is the economic opportunity index of indebt countries group in 2020?,0.0333,8.6121,8.6454,0.0,78.4421,9.07,8.7158,2025-11-26 21:49:33
gemma3n:e4b,global_development,question_8,What is the gpd per capita of OECD group in 2019?,0.0354,4.5471,4.5825,0.0,32.2598,7.04,3.5845,2025-11-26 21:49:38
gemma3n:e4b,global_development,question_9,What is the green transition score of lower middle income group in 2020?,0.0326,5.0613,5.0939,0.0,29.3685,5.77,3.2632,2025-11-26 21:49:43
gemma3n:e4b,happiness_record,question_1,What is the positive affect of US in 2008?,0.0359,4.0167,4.0526,0.0,21.0378,5.19,2.3376,2025-11-26 21:49:47
gemma3n:e4b,happiness_record,question_10,What is the Confidence In National Government of Singapore in 2022?,0.0386,4.2688,4.3074,0.0,30.3286,7.04,3.3698,2025-11-26 21:49:52
gemma3n:e4b,happiness_record,question_11,What is the average positive affect of all countries in 2008?,0.0335,4.9034,4.9369,0.0,35.9705,7.29,3.9967,2025-11-26 21:49:57
gemma3n:e4b,happiness_record,question_12,What is the average life ladder of Asia countries in 2022?,0.0396,4.4537,4.4933,0.0,26.2711,5.85,2.919,2025-11-26 21:50:02
gemma3n:e4b,happiness_record,question_13,Which country has the highest average long gdp per capita through years?,0.0323,4.8547,4.887,0.0,33.0198,6.76,3.6688,2025-11-26 21:50:07
gemma3n:e4b,happiness_record,question_14,Which country has the lowest average social support score over years?,0.031,3.9394,3.9704,0.0,28.9011,7.28,3.2113,2025-11-26 21:50:11
gemma3n:e4b,happiness_record,question_15,What is the average Healthy Life Expectancy At Birth of the world after 2020? ,0.0338,5.922,5.9558,0.0,50.5128,8.48,5.6125,2025-11-26 21:50:17
gemma3n:e4b,happiness_record,question_16,Which country has the highest freedom to make choices index? What region is it from? ,0.0322,4.2961,4.3283,0.0,32.1369,7.42,3.5707,2025-11-26 21:50:22
gemma3n:e4b,happiness_record,question_17,How many countries have higher average generiosity over years compared to the world' average?,0.0428,5.2031,5.2459,0.0,35.1028,6.69,3.9003,2025-11-26 21:50:27
gemma3n:e4b,happiness_record,question_18,Which region has the highest average perceptions of corruption?,0.0389,4.2365,4.2754,0.0,29.475,6.89,3.275,2025-11-26 21:50:32
gemma3n:e4b,happiness_record,question_19,Which country has the highest average negative affect in 2022? ,0.0305,4.1736,4.2041,0.0,24.5905,5.85,2.7323,2025-11-26 21:50:36
gemma3n:e4b,happiness_record,question_2,What is the life ladder of Vietnam in 2022?,0.0344,3.0104,3.0448,0.0,19.5024,6.41,2.1669,2025-11-26 21:50:39
gemma3n:e4b,happiness_record,question_20,What is the average Confidence In National Government score of Vietnam over years?,0.0349,4.2157,4.2506,0.0,29.9451,7.04,3.3272,2025-11-26 21:50:44
gemma3n:e4b,happiness_record,question_21,What are the countries having confidence in national goverment higher than world average in 2022?,0.046,4.8333,4.8793,0.0,26.2539,5.38,2.9171,2025-11-26 21:50:49
gemma3n:e4b,happiness_record,question_22,Interpret for me the current trend in positive affect of the world from 2008 to 2022?,0.0362,5.7475,5.7837,0.0,46.4662,8.03,5.1629,2025-11-26 21:50:55
gemma3n:e4b,happiness_record,question_23,Comparing the life ladder of Asia and Europe to tell me which region is worth to live?,0.0384,5.7527,5.7911,0.0,31.8274,5.5,3.5363,2025-11-26 21:51:01
gemma3n:e4b,happiness_record,question_24,Are countries with higher long gdp per capita likely to have higher positive effect over years? Comparing the data to evaluate ,0.0303,5.758,5.7883,0.0,32.0547,5.54,3.5617,2025-11-26 21:51:07
gemma3n:e4b,happiness_record,question_25,Does lack of social support lead to higher negative affect over years? ,0.0315,4.9616,4.9931,0.0,27.6034,5.53,3.067,2025-11-26 21:51:12
gemma3n:e4b,happiness_record,question_26,"Analyze the trend of Healthy Life Expectancy At Birth by region (Asia, Europe, North America)",0.0323,5.2497,5.282,0.0,35.9177,6.8,3.9909,2025-11-26 21:51:17
gemma3n:e4b,happiness_record,question_27,Evaluate for me the relationship between freedom to make choices and positive affect of Asia and North America countries. Explain the reasons.,0.0385,5.8846,5.9231,0.0,41.0507,6.93,4.5612,2025-11-26 21:51:24
gemma3n:e4b,happiness_record,question_28,What is the current movement of generiosity of Asian countries over years? Explain the reasons.,0.0348,6.4404,6.4752,0.0,37.8847,5.85,4.2094,2025-11-26 21:51:30
gemma3n:e4b,happiness_record,question_29,What is the relationship of percptions of corruption and confidence in national government?,0.0307,4.6992,4.7299,0.0,31.9655,6.76,3.5517,2025-11-26 21:51:35
gemma3n:e4b,happiness_record,question_3,What is the long GDP per capita of China in 2009?,0.0313,3.6146,3.6459,0.0,19.3959,5.32,2.1551,2025-11-26 21:51:39
gemma3n:e4b,happiness_record,question_30,Do high long gdp per capita countries have higher negative affects? Explain the results.,0.03,5.8644,5.8944,0.0,37.2433,6.32,4.1381,2025-11-26 21:51:45
gemma3n:e4b,happiness_record,question_31,How differences in Confidence In National Government score comparing all the regions? Evaluate the importance of governance trust on positive affects.,0.0319,6.9984,7.0303,0.0,42.7848,6.09,4.7539,2025-11-26 21:51:52
gemma3n:e4b,happiness_record,question_4,What is the social support index of Germany in 2008?,0.034,2.9025,2.9365,0.0,14.7999,5.04,1.6444,2025-11-26 21:51:56
gemma3n:e4b,happiness_record,question_5,What is the Healthy Life Expectancy At Birth of Japan in 2020?,0.0295,5.1059,5.1354,0.0,51.9365,10.11,5.7708,2025-11-26 21:52:01
gemma3n:e4b,happiness_record,question_6,What is the Freedom To Make Life Choices of Vietnam in 2018?,0.0372,5.9485,5.9857,0.0,65.7706,10.99,7.3078,2025-11-26 21:52:07
gemma3n:e4b,happiness_record,question_7,What is the generiosity score of Singapore in 2022?,0.0403,5.6698,5.7101,0.0,58.9092,10.32,6.5455,2025-11-26 21:52:13
gemma3n:e4b,happiness_record,question_8,What is the Perceptions Of Corruption of Ecuador in 2008?,0.0335,7.6446,7.6781,0.0,79.1271,10.31,8.7919,2025-11-26 21:52:21
gemma3n:e4b,happiness_record,question_9,What is the negative affect of Japan in 2022?,0.0338,4.3357,4.3695,0.0,27.7643,6.35,3.0849,2025-11-26 21:52:26
llama3.2,country_income,question_1,What is the gini recalculated of Vietnam in 2015?,0.0796,10.7103,10.7899,0.0,96.9789,8.99,10.7754,2025-11-26 21:52:37
llama3.2,country_income,question_10,What is the net income of each category of Vietnam in 2015?,0.036,6.564,6.6,0.0,104.3899,15.82,11.5989,2025-11-26 21:52:43
llama3.2,country_income,question_11,What is the average of gini recalcuated score of Vietnam by year?,0.0485,4.1319,4.1804,0.0,40.0705,9.59,4.4523,2025-11-26 21:52:48
llama3.2,country_income,question_12,Top 5 country that have highest gini recalulated in 2015,0.0308,8.7353,8.7661,0.0,71.6337,8.17,7.9593,2025-11-26 21:52:57
llama3.2,country_income,question_13,Top 5 country of which d1 category has highest net income in 2015,0.0544,9.5196,9.574,0.0,72.1317,7.53,8.0146,2025-11-26 21:53:06
llama3.2,country_income,question_14,How many countries have gini recalculated lower than the world average in 2015?,0.0567,2.3034,2.3601,0.0,15.148,6.42,1.6831,2025-11-26 21:53:09
llama3.2,country_income,question_15,What is the average of d10 net income of Vietnam over years?,0.0297,7.4865,7.5162,0.0,65.7486,8.75,7.3054,2025-11-26 21:53:17
llama3.2,country_income,question_16,What is the total net income of d5 to d9 groups of Vietnam in 2015?,0.0318,7.3714,7.4032,0.0,53.0401,7.16,5.8934,2025-11-26 21:53:24
llama3.2,country_income,question_17,What is the average gini recalculated score of top 5 countries having highest population in 2015?,0.0294,7.4568,7.4862,0.0,57.5284,7.68,6.3921,2025-11-26 21:53:32
llama3.2,country_income,question_18,Calculate the average gini of countries by region ID in 2015,0.0385,5.3204,5.3589,0.0,39.1105,7.3,4.3457,2025-11-26 21:53:38
llama3.2,country_income,question_19,What is the growth rate of gini recalculated of Vietnam for each year?,0.0463,38.2355,38.2818,0.0,346.2325,9.04,38.4703,2025-11-26 21:54:16
llama3.2,country_income,question_2,What is the net income of d10 category of US in 2015?,0.064,9.3471,9.4111,0.0,66.2824,7.04,7.3647,2025-11-26 21:54:26
llama3.2,country_income,question_20,The average gini recalculated of the world in 2015,0.0646,3.4408,3.5054,0.0,33.8219,9.65,3.758,2025-11-26 21:54:29
llama3.2,country_income,question_21,What is the ratio of net income of d10 to d1 group of Singapore in 2015?,0.0259,9.3747,9.4006,0.0,121.6949,12.95,13.5217,2025-11-26 21:54:39
llama3.2,country_income,question_22,Vietnam released economic reformation policy named 'Doi Moi' from 1986 to 2000. Evaluate the effectiveness of the policy based on the gini score trend of the country in 2 phases: Before 1986 and after 1986,0.0655,6.0477,6.1132,0.0,81.2463,13.29,9.0274,2025-11-26 21:54:45
llama3.2,country_income,question_23,Analyze the trend of world's income inequality across region from 1967 to 2015.,0.0532,18.0723,18.1255,0.0,244.3572,13.48,27.1508,2025-11-26 21:55:04
llama3.2,country_income,question_24,Does higher gdp per capita posiviely correlated with high income inequality? Explain possible reasons,0.0802,14.0062,14.0864,0.0,157.6737,11.19,17.5193,2025-11-26 21:55:18
llama3.2,country_income,question_25,The financial crisis happened in 2008. Evaluate the income inequality before and after the event in US.,0.0524,9.0578,9.1102,0.0,61.6185,6.76,6.8465,2025-11-26 21:55:27
llama3.2,country_income,question_26,Analyze the trend of income inequality and gdp per capita of Singapore from 1970 onward.,0.048,16.347,16.395,0.0,105.0233,6.41,11.6693,2025-11-26 21:55:44
llama3.2,country_income,question_27,Does population affect income inequality? Analyze gini index of China through years to explain,0.0769,10.6485,10.7254,0.0,61.9255,5.77,6.8806,2025-11-26 21:55:55
llama3.2,country_income,question_28,Comparing the gini index of China and US over years to evaluate which country has higher income inequality,0.0504,6.0435,6.0939,0.0,40.0545,6.57,4.4505,2025-11-26 21:56:01
llama3.2,country_income,question_29,Which region ID has high income inequality? Explain reasons behind it,0.0482,5.7228,5.771,0.0,40.4049,7.0,4.4894,2025-11-26 21:56:07
llama3.2,country_income,question_3,What is the net income of d1 category of Thailand in 2009?,0.0309,10.7699,10.8008,0.0,95.1138,8.81,10.5682,2025-11-26 21:56:18
llama3.2,country_income,question_30,"What are the common patterns can be observed from countries with high income inequality in 2015, knowing gini greater than 0.4 is considered as high inequality",0.0803,39.8199,39.9002,0.0,362.9075,9.1,40.3231,2025-11-26 21:56:58
llama3.2,country_income,question_31,"Evaluate the net income gap between low income group d1 to d4, middle income group d5 to d9 and high income group d10 in Vietnam and propose improvement plan",0.0898,40.4448,40.5346,0.0,408.3369,10.07,45.3707,2025-11-26 21:57:39
llama3.2,country_income,question_4,What is the net income of d10 group of Singapore in 1970?,0.0723,3.3215,3.3938,0.0,27.5492,8.12,3.0611,2025-11-26 21:57:43
llama3.2,country_income,question_5,What is the population of China in 2000?,0.04,6.9872,7.0272,0.0,64.1504,9.13,7.1279,2025-11-26 21:57:50
llama3.2,country_income,question_6,What is the gdp per capita of Sweden in 2015?,0.0437,2.5823,2.626,0.0,23.6733,9.01,2.6304,2025-11-26 21:57:53
llama3.2,country_income,question_7,Distinct list of region ID,0.0408,5.167,5.2078,0.0,36.4635,7.0,4.0515,2025-11-26 21:57:58
llama3.2,country_income,question_8,All the countries have gini recalculated greater than 0.4 in 2015,0.03,18.0396,18.0696,0.0,172.797,9.56,19.1997,2025-11-26 21:58:16
llama3.2,country_income,question_9,"What is the gpd per capita, population and gini coefficient of Vietnam in 2010?",0.0879,7.1736,7.2615,0.0,92.5508,12.75,10.2834,2025-11-26 21:58:24
llama3.2,finance_economics,question_1,"The inflation rate of November 28, 2008",0.0305,7.3364,7.3669,0.0,100.4681,13.64,11.1631,2025-11-26 21:58:31
llama3.2,finance_economics,question_10,"The unemployment rate, interest rate, inflation rate, the date where Dow Jones has top trading volume",0.0319,21.3624,21.3943,0.0,204.4677,9.56,22.7187,2025-11-26 21:58:53
llama3.2,finance_economics,question_11,"Number of days which the closing price is higher than the open price of Dow Jones, S&P 500, NASDAQ",0.0456,3.3489,3.3945,0.0,28.6207,8.43,3.1801,2025-11-26 21:58:57
llama3.2,finance_economics,question_12,The annual consumer spending from 2000 to 2008,0.0292,9.8663,9.8955,0.0,82.8268,8.37,9.203,2025-11-26 21:59:07
llama3.2,finance_economics,question_13,The annual growth rate of consumer confidence index from 2000 to 2008,0.0318,26.2687,26.3005,0.0,229.3235,8.72,25.4804,2025-11-26 21:59:33
llama3.2,finance_economics,question_14,Ratio of days having negative gdp growth to total days,0.0456,2.4702,2.5158,0.0,22.6109,8.99,2.5123,2025-11-26 21:59:36
llama3.2,finance_economics,question_15,The average bankruptcy rate and M&A deals by year,0.0309,9.2628,9.2937,0.0,62.231,6.7,6.9145,2025-11-26 21:59:46
llama3.2,finance_economics,question_16,Number of days where the gdp growth is negative,0.0358,1.0449,1.0807,0.0,9.3666,8.67,1.0408,2025-11-26 21:59:47
llama3.2,finance_economics,question_17,"Average monthly trading volume of NASDAQ, S&P 500, Dow Jones",0.0377,9.2449,9.2826,0.0,73.8198,7.95,8.2022,2025-11-26 21:59:56
llama3.2,finance_economics,question_18,Which year has the highest average consumer confidence index?,0.0364,8.7242,8.7606,0.0,71.886,8.21,7.9873,2025-11-26 22:00:05
llama3.2,finance_economics,question_19,The annual average venture capital funding by year,0.0319,5.6494,5.6813,0.0,36.5622,6.44,4.0625,2025-11-26 22:00:11
llama3.2,finance_economics,question_2,"The open price, close price, trading volume of Feb 20, 2000",0.0328,4.7359,4.7687,0.0,47.8194,10.03,5.3133,2025-11-26 22:00:16
llama3.2,finance_economics,question_20,The ratio of government debt to consumer spending by year,0.0316,14.5163,14.5479,0.0,133.7501,9.19,14.8611,2025-11-26 22:00:31
llama3.2,finance_economics,question_21,Average gold price by year,0.027,5.0302,5.0572,0.0,40.5143,8.01,4.5016,2025-11-26 22:00:36
llama3.2,finance_economics,question_22,"2008 was the year of global financial crisis. Evaluate some indicators that signaled this recession, and propose a risk mitigation strategy for stock investing",0.0307,34.4946,34.5253,0.0,209.9454,6.08,23.3273,2025-11-26 22:01:11
llama3.2,finance_economics,question_23,Does government debt effect GDP growth? Analyze the given data and recommend policymakers on how to create positive gdp growth,0.0467,18.1055,18.1522,0.0,119.243,6.57,13.2492,2025-11-26 22:01:29
llama3.2,finance_economics,question_24,Low interest rate leads to risky money flow into stock and consumer spending. Evaluate the data to verify the accuracy of this statement. ,0.0422,11.369,11.4112,0.0,93.1038,8.16,10.3449,2025-11-26 22:01:41
llama3.2,finance_economics,question_25,"Analyze the past performance of all the asset types, stock, commodity, real estate, forex and propose which type of asset is worth to invest in based on investors' risk apetite",0.0675,46.6611,46.7286,0.0,325.3629,6.96,36.1515,2025-11-26 22:02:28
llama3.2,finance_economics,question_26,Evaluate the relationship between inflation rate and consumer spending,0.0454,33.0012,33.0466,0.0,216.8554,6.56,24.095,2025-11-26 22:03:01
llama3.2,finance_economics,question_27,"Which stock indexes should investors invest in? Analyze NASDAQ, S&P 500, Dow Jones performances",0.0567,52.9588,53.0155,0.0,413.6505,7.8,45.9611,2025-11-26 22:03:54
llama3.2,finance_economics,question_28,"What is the relationship between interest rate, unemployment rate and corporate profits? Propose strategy for policymakers to promote corporate activities",0.0445,14.3457,14.3902,0.0,109.3317,7.6,12.1479,2025-11-26 22:04:09
llama3.2,finance_economics,question_29,"venture capital funding is private fundraising, wheras stock index activities is public fundraising. Which fundraising channel is more active in US, explain the reasons",0.0314,10.3575,10.3889,0.0,74.8022,7.2,8.3114,2025-11-26 22:04:20
llama3.2,finance_economics,question_3,"The gold price, crude oil price, real estate index of Jan 1, 2008",0.0339,2.6826,2.7165,0.0,20.3793,7.5,2.2644,2025-11-26 22:04:22
llama3.2,finance_economics,question_30,"Recommend asset classes to invest when the USD currency is appreciated, and when it is depreciated",0.0306,20.875,20.9056,0.0,146.4372,7.0,16.2708,2025-11-26 22:04:44
llama3.2,finance_economics,question_31,"When it is best to invest in real estate in terms of interest rate environment, stock performance and unemployment context?",0.0469,21.4949,21.5418,0.0,167.1568,7.76,18.573,2025-11-26 22:05:05
llama3.2,finance_economics,question_4,"The consumer confidence index of 24 December, 2007",0.0405,3.5873,3.6278,0.0,28.0152,7.72,3.1128,2025-11-26 22:05:09
llama3.2,finance_economics,question_5,"The date, stock index on which stock index reached the highest Daily High",0.0306,5.8087,5.8393,0.0,34.2154,5.86,3.8017,2025-11-26 22:05:15
llama3.2,finance_economics,question_6,"The date, gold price, crude oil price and gdp growth where unemployment rate reached the highest",0.0287,8.5279,8.5566,0.0,72.5879,8.48,8.0653,2025-11-26 22:05:24
llama3.2,finance_economics,question_7,"The date, forex US/EUR, US/JPY where gdp growth is negative",0.0332,12.6303,12.6635,0.0,180.7641,14.27,20.0849,2025-11-26 22:05:37
llama3.2,finance_economics,question_8,The date where trading volumne is the largest,0.0347,5.0636,5.0983,0.0,69.9267,13.72,7.7696,2025-11-26 22:05:42
llama3.2,finance_economics,question_9,"The date, consumer confidence index, consumer spending where the bankruptcy rate is highest",0.0477,6.2926,6.3403,0.0,54.4099,8.58,6.0455,2025-11-26 22:05:49
llama3.2,global_development,question_1,What is the digital readiness score of South Asia in 2020?,0.0439,6.9051,6.949,0.0,61.2963,8.82,6.8107,2025-11-26 22:05:56
llama3.2,global_development,question_10,What is the unemployment rate of US in 2020?,0.0346,5.7461,5.7807,0.0,37.7924,6.54,4.1991,2025-11-26 22:06:02
llama3.2,global_development,question_11,To what extent has the world's GDP per capita grown between 2000 and 2020?,0.0321,1.7573,1.7894,0.0,12.2282,6.83,1.3587,2025-11-26 22:06:04
llama3.2,global_development,question_12,What is the average economic opportunity index of low and indebt countries?,0.0339,0.6253,0.6592,0.0,5.9078,8.96,0.6564,2025-11-26 22:06:05
llama3.2,global_development,question_13,How many countries has the gdp per capita lower than the world in 2019?,0.0401,2.265,2.3051,0.0,13.6278,5.91,1.5142,2025-11-26 22:06:07
llama3.2,global_development,question_14,Which country has the highest health expenditure per capita in 2020?,0.045,5.4335,5.4785,0.0,31.6247,5.77,3.5139,2025-11-26 22:06:13
llama3.2,global_development,question_15,How many countries are in lower middle income group as in 2020?,0.0325,2.495,2.5275,0.0,15.099,5.97,1.6776,2025-11-26 22:06:16
llama3.2,global_development,question_16,What is the average digital readiness score of high income countries in 2019?,0.0326,2.6099,2.6425,0.0,16.7158,6.33,1.8573,2025-11-26 22:06:19
llama3.2,global_development,question_17,Which country has the lowest global resilience score?,0.0397,8.9847,9.0244,0.0,71.0952,7.88,7.8995,2025-11-26 22:06:28
llama3.2,global_development,question_18,What is the highest energy per capita score in 2020? In which country,0.0311,5.6695,5.7006,0.0,43.3317,7.6,4.8147,2025-11-26 22:06:34
llama3.2,global_development,question_19,What country has the longest period of deflation? Deflation is known as when the inflation is negative,0.0346,2.91,2.9446,0.0,23.0873,7.84,2.5652,2025-11-26 22:06:37
llama3.2,global_development,question_2,Country with the highest global development resilience score in 2020,0.0301,4.6643,4.6944,0.0,35.7994,7.63,3.9777,2025-11-26 22:06:42
llama3.2,global_development,question_20,Which country has the highest gdp per capita among lower middle income group?,0.0343,4.3302,4.3645,0.0,44.7806,10.26,4.9757,2025-11-26 22:06:46
llama3.2,global_development,question_21,Number of countries have higher economic opportunity than the world,0.0301,3.6832,3.7133,0.0,24.0187,6.47,2.6687,2025-11-26 22:06:50
llama3.2,global_development,question_22,"Looking at the green transition score of all the countries and regions over the years, what is the common patterns?",0.0313,17.0828,17.1141,0.0,124.6268,7.28,13.8474,2025-11-26 22:07:08
llama3.2,global_development,question_23,Explain for me the correlations of human development index and gdp per capita,0.0408,3.0112,3.052,0.0,23.326,7.64,2.5918,2025-11-26 22:07:11
llama3.2,global_development,question_24,Evaluate the differences in digital readiness of South Asia compared to Europe region,0.0368,5.8862,5.923,0.0,52.9905,8.95,5.8878,2025-11-26 22:07:17
llama3.2,global_development,question_25,Is there any correlation between governance quality and digital readiness score of South Asia?,0.0317,13.6622,13.6939,0.0,140.5527,10.26,15.617,2025-11-26 22:07:31
llama3.2,global_development,question_26,Does the school enrolment in secondary affect the HDI in South Asia?,0.0309,24.8747,24.9056,0.0,185.3174,7.44,20.5908,2025-11-26 22:07:56
llama3.2,global_development,question_27,What is the relationship of the FDI percentage of gdp and economic grow in middle and low income group?,0.0443,12.9815,13.0258,0.0,90.4028,6.94,10.0448,2025-11-26 22:08:09
llama3.2,global_development,question_28,"Compare the economic opportunity index of high income, middlie income groups and the world",0.0329,4.8733,4.9062,0.0,33.7481,6.88,3.7497,2025-11-26 22:08:14
llama3.2,global_development,question_29,Is the weather vulnerability related to the child mortality in high income country?,0.0326,4.7801,4.8127,0.0,31.98,6.64,3.5533,2025-11-26 22:08:19
llama3.2,global_development,question_3,What is the human development index score of Vietnam in 2019?,0.0305,6.6911,6.7216,0.0,56.7603,8.44,6.3067,2025-11-26 22:08:26
llama3.2,global_development,question_30,Do countries with high weather vulnerability score have higher green transition scores? Explain for me the implication,0.0373,5.7793,5.8166,0.0,61.9451,10.65,6.8828,2025-11-26 22:08:32
llama3.2,global_development,question_31,What is the relationship between unemployment rate and inflation of US through years?,0.0298,19.9838,20.0136,0.0,170.7458,8.53,18.9718,2025-11-26 22:08:53
llama3.2,global_development,question_4,What is the inflation rate of Vietnam in 2009?,0.0578,1.8151,1.8729,0.0,18.5469,9.9,2.0608,2025-11-26 22:08:55
llama3.2,global_development,question_5,What is the unemployment rate of Europe region in 2008?,0.0315,4.8314,4.8629,0.0,39.3587,8.09,4.3732,2025-11-26 22:09:00
llama3.2,global_development,question_6,What is the life expectancy of Japan in 2020?,0.0349,5.542,5.5769,0.0,67.0304,12.02,7.4479,2025-11-26 22:09:05
llama3.2,global_development,question_7,What is the economic opportunity index of indebt countries group in 2020?,0.0307,3.1724,3.2031,0.0,28.2957,8.83,3.1439,2025-11-26 22:09:09
llama3.2,global_development,question_8,What is the gpd per capita of OECD group in 2019?,0.0339,3.1736,3.2075,0.0,37.9418,11.83,4.2158,2025-11-26 22:09:12
llama3.2,global_development,question_9,What is the green transition score of lower middle income group in 2020?,0.0316,5.1697,5.2013,0.0,50.2905,9.67,5.5878,2025-11-26 22:09:18
llama3.2,happiness_record,question_1,What is the positive affect of US in 2008?,0.0285,4.7908,4.8193,0.0,47.632,9.88,5.2925,2025-11-26 22:09:23
llama3.2,happiness_record,question_10,What is the Confidence In National Government of Singapore in 2022?,0.0402,3.9644,4.0046,0.0,38.4586,9.6,4.2731,2025-11-26 22:09:27
llama3.2,happiness_record,question_11,What is the average positive affect of all countries in 2008?,0.0344,2.8767,2.9111,0.0,28.0843,9.65,3.1204,2025-11-26 22:09:30
llama3.2,happiness_record,question_12,What is the average life ladder of Asia countries in 2022?,0.0284,6.7794,6.8078,0.0,70.5103,10.36,7.8345,2025-11-26 22:09:37
llama3.2,happiness_record,question_13,Which country has the highest average long gdp per capita through years?,0.0367,10.0598,10.0965,0.0,88.8956,8.8,9.8773,2025-11-26 22:09:47
llama3.2,happiness_record,question_14,Which country has the lowest average social support score over years?,0.0333,6.126,6.1593,0.0,45.9498,7.46,5.1055,2025-11-26 22:09:54
llama3.2,happiness_record,question_15,What is the average Healthy Life Expectancy At Birth of the world after 2020? ,0.0316,2.4276,2.4592,0.0,14.3503,5.84,1.5945,2025-11-26 22:09:56
llama3.2,happiness_record,question_16,Which country has the highest freedom to make choices index? What region is it from? ,0.0296,5.5782,5.6078,0.0,49.7686,8.87,5.5298,2025-11-26 22:10:02
llama3.2,happiness_record,question_17,How many countries have higher average generiosity over years compared to the world' average?,0.0322,4.3756,4.4078,0.0,48.4538,10.99,5.3838,2025-11-26 22:10:07
llama3.2,happiness_record,question_18,Which region has the highest average perceptions of corruption?,0.0301,6.5326,6.5627,0.0,54.3566,8.28,6.0397,2025-11-26 22:10:14
llama3.2,happiness_record,question_19,Which country has the highest average negative affect in 2022? ,0.043,9.8397,9.8827,0.0,95.5458,9.67,10.6162,2025-11-26 22:10:24
llama3.2,happiness_record,question_2,What is the life ladder of Vietnam in 2022?,0.0354,5.6415,5.6769,0.0,50.6205,8.92,5.6245,2025-11-26 22:10:30
llama3.2,happiness_record,question_20,What is the average Confidence In National Government score of Vietnam over years?,0.0241,2.4371,2.4612,0.0,20.7052,8.41,2.3006,2025-11-26 22:10:32
llama3.2,happiness_record,question_21,What are the countries having confidence in national goverment higher than world average in 2022?,0.0371,3.5567,3.5938,0.0,25.8084,7.18,2.8676,2025-11-26 22:10:36
llama3.2,happiness_record,question_22,Interpret for me the current trend in positive affect of the world from 2008 to 2022?,0.0319,12.7154,12.7473,0.0,87.8947,6.9,9.7661,2025-11-26 22:10:49
llama3.2,happiness_record,question_23,Comparing the life ladder of Asia and Europe to tell me which region is worth to live?,0.0309,4.9506,4.9815,0.0,41.4956,8.33,4.6106,2025-11-26 22:10:54
llama3.2,happiness_record,question_24,Are countries with higher long gdp per capita likely to have higher positive effect over years? Comparing the data to evaluate ,0.0336,23.1857,23.2193,0.0,196.9125,8.48,21.8791,2025-11-26 22:11:18
llama3.2,happiness_record,question_25,Does lack of social support lead to higher negative affect over years? ,0.0454,11.2088,11.2542,0.0,91.2117,8.1,10.1346,2025-11-26 22:11:29
llama3.2,happiness_record,question_26,"Analyze the trend of Healthy Life Expectancy At Birth by region (Asia, Europe, North America)",0.0306,6.8354,6.866,0.0,54.7073,7.97,6.0786,2025-11-26 22:11:36
llama3.2,happiness_record,question_27,Evaluate for me the relationship between freedom to make choices and positive affect of Asia and North America countries. Explain the reasons.,0.0331,4.0756,4.1087,0.0,36.2054,8.81,4.0228,2025-11-26 22:11:41
llama3.2,happiness_record,question_28,What is the current movement of generiosity of Asian countries over years? Explain the reasons.,0.03,5.4663,5.4963,0.0,43.9104,7.99,4.8789,2025-11-26 22:11:46
llama3.2,happiness_record,question_29,What is the relationship of percptions of corruption and confidence in national government?,0.0323,12.3375,12.3698,0.0,95.0082,7.68,10.5564,2025-11-26 22:11:59
llama3.2,happiness_record,question_3,What is the long GDP per capita of China in 2009?,0.0358,1.238,1.2738,0.0,11.9947,9.42,1.3328,2025-11-26 22:12:00
llama3.2,happiness_record,question_30,Do high long gdp per capita countries have higher negative affects? Explain the results.,0.0294,7.051,7.0804,0.0,62.8573,8.88,6.9842,2025-11-26 22:12:08
llama3.2,happiness_record,question_31,How differences in Confidence In National Government score comparing all the regions? Evaluate the importance of governance trust on positive affects.,0.0371,15.8556,15.8927,0.0,129.2786,8.13,14.3643,2025-11-26 22:12:24
llama3.2,happiness_record,question_4,What is the social support index of Germany in 2008?,0.047,7.1719,7.2189,0.0,70.3633,9.75,7.8182,2025-11-26 22:12:31
llama3.2,happiness_record,question_5,What is the Healthy Life Expectancy At Birth of Japan in 2020?,0.0299,2.9617,2.9916,0.0,30.0719,10.05,3.3413,2025-11-26 22:12:34
llama3.2,happiness_record,question_6,What is the Freedom To Make Life Choices of Vietnam in 2018?,0.0332,7.6634,7.6966,0.0,68.7889,8.94,7.6432,2025-11-26 22:12:42
llama3.2,happiness_record,question_7,What is the generiosity score of Singapore in 2022?,0.0341,2.8893,2.9234,0.0,23.8446,8.16,2.6494,2025-11-26 22:12:45
llama3.2,happiness_record,question_8,What is the Perceptions Of Corruption of Ecuador in 2008?,0.0297,2.3622,2.3919,0.0,15.2056,6.36,1.6895,2025-11-26 22:12:48
llama3.2,happiness_record,question_9,What is the negative affect of Japan in 2022?,0.0341,6.3002,6.3343,0.0,55.771,8.8,6.1968,2025-11-26 22:12:55
mistral:7b,country_income,question_1,What is the gini recalculated of Vietnam in 2015?,0.0317,12.6187,12.6504,0.0,136.4942,10.79,15.166,2025-11-26 22:13:07
mistral:7b,country_income,question_10,What is the net income of each category of Vietnam in 2015?,0.0479,30.9768,31.0247,0.0,306.5536,9.88,34.0615,2025-11-26 22:13:39
mistral:7b,country_income,question_11,What is the average of gini recalcuated score of Vietnam by year?,0.0596,28.8021,28.8617,0.0,272.4643,9.44,30.2738,2025-11-26 22:14:08
mistral:7b,country_income,question_12,Top 5 country that have highest gini recalulated in 2015,0.062,11.2238,11.2858,0.0,74.9027,6.64,8.3225,2025-11-26 22:14:19
mistral:7b,country_income,question_13,Top 5 country of which d1 category has highest net income in 2015,0.035,5.4328,5.4678,0.0,56.7686,10.38,6.3076,2025-11-26 22:14:25
mistral:7b,country_income,question_14,How many countries have gini recalculated lower than the world average in 2015?,0.0306,7.819,7.8496,0.0,54.0274,6.88,6.003,2025-11-26 22:14:33
mistral:7b,country_income,question_15,What is the average of d10 net income of Vietnam over years?,0.0312,11.7364,11.7676,0.0,121.5059,10.33,13.5007,2025-11-26 22:14:45
mistral:7b,country_income,question_16,What is the total net income of d5 to d9 groups of Vietnam in 2015?,0.0459,9.6875,9.7334,0.0,77.9439,8.01,8.6604,2025-11-26 22:14:55
mistral:7b,country_income,question_17,What is the average gini recalculated score of top 5 countries having highest population in 2015?,0.039,10.1685,10.2075,0.0,81.2829,7.96,9.0314,2025-11-26 22:15:05
mistral:7b,country_income,question_18,Calculate the average gini of countries by region ID in 2015,0.0309,11.3884,11.4193,0.0,76.7612,6.72,8.5291,2025-11-26 22:15:17
mistral:7b,country_income,question_19,What is the growth rate of gini recalculated of Vietnam for each year?,0.0333,13.5006,13.5339,0.0,118.4851,8.75,13.165,2025-11-26 22:15:31
mistral:7b,country_income,question_2,What is the net income of d10 category of US in 2015?,0.0661,12.7193,12.7854,0.0,115.8395,9.06,12.8711,2025-11-26 22:15:44
mistral:7b,country_income,question_20,The average gini recalculated of the world in 2015,0.0377,18.3263,18.364,0.0,145.4462,7.92,16.1607,2025-11-26 22:16:02
mistral:7b,country_income,question_21,What is the ratio of net income of d10 to d1 group of Singapore in 2015?,0.0585,8.4745,8.533,0.0,61.1129,7.16,6.7904,2025-11-26 22:16:11
mistral:7b,country_income,question_22,Vietnam released economic reformation policy named 'Doi Moi' from 1986 to 2000. Evaluate the effectiveness of the policy based on the gini score trend of the country in 2 phases: Before 1986 and after 1986,0.032,13.8001,13.8321,0.0,105.1233,7.6,11.6803,2025-11-26 22:16:25
mistral:7b,country_income,question_23,Analyze the trend of world's income inequality across region from 1967 to 2015.,0.0294,28.8204,28.8498,0.0,235.403,8.16,26.1559,2025-11-26 22:16:54
mistral:7b,country_income,question_24,Does higher gdp per capita posiviely correlated with high income inequality? Explain possible reasons,0.0612,23.3314,23.3926,0.0,194.9966,8.34,21.6663,2025-11-26 22:17:18
mistral:7b,country_income,question_25,The financial crisis happened in 2008. Evaluate the income inequality before and after the event in US.,0.0549,14.3023,14.3572,0.0,103.6113,7.22,11.5124,2025-11-26 22:17:32
mistral:7b,country_income,question_26,Analyze the trend of income inequality and gdp per capita of Singapore from 1970 onward.,0.0366,29.1421,29.1787,0.0,227.9477,7.81,25.3275,2025-11-26 22:18:02
mistral:7b,country_income,question_27,Does population affect income inequality? Analyze gini index of China through years to explain,0.0507,9.2131,9.2638,0.0,81.3953,8.79,9.044,2025-11-26 22:18:11
mistral:7b,country_income,question_28,Comparing the gini index of China and US over years to evaluate which country has higher income inequality,0.0317,16.4964,16.5281,0.0,142.9299,8.65,15.8811,2025-11-26 22:18:28
mistral:7b,country_income,question_29,Which region ID has high income inequality? Explain reasons behind it,0.0413,8.1674,8.2087,0.0,74.4556,9.07,8.2729,2025-11-26 22:18:36
mistral:7b,country_income,question_3,What is the net income of d1 category of Thailand in 2009?,0.028,9.5836,9.6116,0.0,80.7879,8.41,8.9764,2025-11-26 22:18:46
mistral:7b,country_income,question_30,"What are the common patterns can be observed from countries with high income inequality in 2015, knowing gini greater than 0.4 is considered as high inequality",0.0308,12.5652,12.596,0.0,107.8637,8.56,11.9848,2025-11-26 22:18:59
mistral:7b,country_income,question_31,"Evaluate the net income gap between low income group d1 to d4, middle income group d5 to d9 and high income group d10 in Vietnam and propose improvement plan",0.0268,29.3757,29.4025,0.0,255.286,8.68,28.3651,2025-11-26 22:19:28
mistral:7b,country_income,question_4,What is the net income of d10 group of Singapore in 1970?,0.0505,8.3571,8.4076,0.0,73.7858,8.78,8.1984,2025-11-26 22:19:37
mistral:7b,country_income,question_5,What is the population of China in 2000?,0.0356,2.276,2.3116,0.0,21.9505,9.5,2.4389,2025-11-26 22:19:40
mistral:7b,country_income,question_6,What is the gdp per capita of Sweden in 2015?,0.0322,2.6965,2.7287,0.0,28.317,10.38,3.1464,2025-11-26 22:19:43
mistral:7b,country_income,question_7,Distinct list of region ID,0.0618,9.3205,9.3823,0.0,83.2987,8.88,9.2554,2025-11-26 22:19:52
mistral:7b,country_income,question_8,All the countries have gini recalculated greater than 0.4 in 2015,0.0308,11.8317,11.8625,0.0,84.9886,7.16,9.4432,2025-11-26 22:20:04
mistral:7b,country_income,question_9,"What is the gpd per capita, population and gini coefficient of Vietnam in 2010?",0.0333,5.0362,5.0695,0.0,38.1027,7.52,4.2336,2025-11-26 22:20:09
mistral:7b,finance_economics,question_1,"The inflation rate of November 28, 2008",0.033,3.5484,3.5814,0.0,37.4746,10.46,4.1639,2025-11-26 22:20:13
mistral:7b,finance_economics,question_10,"The unemployment rate, interest rate, inflation rate, the date where Dow Jones has top trading volume",0.0316,5.6018,5.6334,0.0,49.1639,8.73,5.4627,2025-11-26 22:20:19
mistral:7b,finance_economics,question_11,"Number of days which the closing price is higher than the open price of Dow Jones, S&P 500, NASDAQ",0.0395,34.6905,34.73,0.0,286.1579,8.24,31.7954,2025-11-26 22:20:54
mistral:7b,finance_economics,question_12,The annual consumer spending from 2000 to 2008,0.0495,7.7595,7.809,0.0,55.8705,7.15,6.2078,2025-11-26 22:21:02
mistral:7b,finance_economics,question_13,The annual growth rate of consumer confidence index from 2000 to 2008,0.0309,17.6794,17.7103,0.0,140.9728,7.96,15.6636,2025-11-26 22:21:20
mistral:7b,finance_economics,question_14,Ratio of days having negative gdp growth to total days,0.0554,10.5844,10.6398,0.0,132.5612,12.46,14.729,2025-11-26 22:21:31
mistral:7b,finance_economics,question_15,The average bankruptcy rate and M&A deals by year,0.0345,25.104,25.1385,0.0,215.2012,8.56,23.9112,2025-11-26 22:21:56
mistral:7b,finance_economics,question_16,Number of days where the gdp growth is negative,0.0563,3.8612,3.9175,0.0,25.2404,6.44,2.8045,2025-11-26 22:22:00
mistral:7b,finance_economics,question_17,"Average monthly trading volume of NASDAQ, S&P 500, Dow Jones",0.0318,16.0095,16.0413,0.0,112.2799,7.0,12.4755,2025-11-26 22:22:17
mistral:7b,finance_economics,question_18,Which year has the highest average consumer confidence index?,0.0452,19.7512,19.7964,0.0,129.2966,6.53,14.3663,2025-11-26 22:22:37
mistral:7b,finance_economics,question_19,The annual average venture capital funding by year,0.0445,9.7758,9.8203,0.0,91.7476,9.34,10.1941,2025-11-26 22:22:47
mistral:7b,finance_economics,question_2,"The open price, close price, trading volume of Feb 20, 2000",0.0323,7.0173,7.0496,0.0,53.3291,7.56,5.9255,2025-11-26 22:22:54
mistral:7b,finance_economics,question_20,The ratio of government debt to consumer spending by year,0.0378,9.1252,9.163,0.0,62.0946,6.78,6.8994,2025-11-26 22:23:03
mistral:7b,finance_economics,question_21,Average gold price by year,0.0288,12.1237,12.1525,0.0,75.4566,6.21,8.384,2025-11-26 22:23:16
mistral:7b,finance_economics,question_22,"2008 was the year of global financial crisis. Evaluate some indicators that signaled this recession, and propose a risk mitigation strategy for stock investing",0.0282,23.897,23.9252,0.0,218.2251,9.12,24.2472,2025-11-26 22:23:40
mistral:7b,finance_economics,question_23,Does government debt effect GDP growth? Analyze the given data and recommend policymakers on how to create positive gdp growth,0.0498,14.695,14.7448,0.0,139.9085,9.49,15.5454,2025-11-26 22:23:55
mistral:7b,finance_economics,question_24,Low interest rate leads to risky money flow into stock and consumer spending. Evaluate the data to verify the accuracy of this statement. ,0.0335,10.27,10.3035,0.0,87.783,8.52,9.7536,2025-11-26 22:24:05
mistral:7b,finance_economics,question_25,"Analyze the past performance of all the asset types, stock, commodity, real estate, forex and propose which type of asset is worth to invest in based on investors' risk apetite",0.0294,20.8167,20.8461,0.0,154.3275,7.4,17.1475,2025-11-26 22:24:26
mistral:7b,finance_economics,question_26,Evaluate the relationship between inflation rate and consumer spending,0.0651,7.8756,7.9407,0.0,53.2734,6.71,5.9193,2025-11-26 22:24:34
mistral:7b,finance_economics,question_27,"Which stock indexes should investors invest in? Analyze NASDAQ, S&P 500, Dow Jones performances",0.0322,19.0284,19.0606,0.0,135.8214,7.13,15.0913,2025-11-26 22:24:54
mistral:7b,finance_economics,question_28,"What is the relationship between interest rate, unemployment rate and corporate profits? Propose strategy for policymakers to promote corporate activities",0.0418,18.9386,18.9804,0.0,137.4031,7.24,15.267,2025-11-26 22:25:13
mistral:7b,finance_economics,question_29,"venture capital funding is private fundraising, wheras stock index activities is public fundraising. Which fundraising channel is more active in US, explain the reasons",0.0482,24.6021,24.6503,0.0,207.0968,8.4,23.0107,2025-11-26 22:25:38
mistral:7b,finance_economics,question_3,"The gold price, crude oil price, real estate index of Jan 1, 2008",0.0644,23.5589,23.6233,0.0,199.3853,8.44,22.1539,2025-11-26 22:26:02
mistral:7b,finance_economics,question_30,"Recommend asset classes to invest when the USD currency is appreciated, and when it is depreciated",0.06,11.9022,11.9622,0.0,92.4857,7.73,10.2762,2025-11-26 22:26:14
mistral:7b,finance_economics,question_31,"When it is best to invest in real estate in terms of interest rate environment, stock performance and unemployment context?",0.03,13.5227,13.5527,0.0,107.3894,7.92,11.9322,2025-11-26 22:26:28
mistral:7b,finance_economics,question_4,"The consumer confidence index of 24 December, 2007",0.0327,2.0445,2.0772,0.0,17.0569,8.21,1.8952,2025-11-26 22:26:30
mistral:7b,finance_economics,question_5,"The date, stock index on which stock index reached the highest Daily High",0.0321,3.3554,3.3875,0.0,26.87,7.93,2.9855,2025-11-26 22:26:33
mistral:7b,finance_economics,question_6,"The date, gold price, crude oil price and gdp growth where unemployment rate reached the highest",0.0349,16.0551,16.09,0.0,131.371,8.16,14.5968,2025-11-26 22:26:50
mistral:7b,finance_economics,question_7,"The date, forex US/EUR, US/JPY where gdp growth is negative",0.051,9.3674,9.4184,0.0,77.4418,8.22,8.6047,2025-11-26 22:26:59
mistral:7b,finance_economics,question_8,The date where trading volumne is the largest,0.0356,2.8227,2.8583,0.0,24.0047,8.4,2.6672,2025-11-26 22:27:02
mistral:7b,finance_economics,question_9,"The date, consumer confidence index, consumer spending where the bankruptcy rate is highest",0.0353,7.707,7.7423,0.0,65.3367,8.44,7.2596,2025-11-26 22:27:10
mistral:7b,global_development,question_1,What is the digital readiness score of South Asia in 2020?,0.0345,8.7549,8.7894,0.0,81.6929,9.29,9.077,2025-11-26 22:27:19
mistral:7b,global_development,question_10,What is the unemployment rate of US in 2020?,0.0343,5.4542,5.4885,0.0,47.488,8.65,5.2765,2025-11-26 22:27:25
mistral:7b,global_development,question_11,To what extent has the world's GDP per capita grown between 2000 and 2020?,0.0342,13.2956,13.3298,0.0,104.0673,7.81,11.5631,2025-11-26 22:27:39
mistral:7b,global_development,question_12,What is the average economic opportunity index of low and indebt countries?,0.0302,19.2935,19.3237,0.0,165.4567,8.56,18.3841,2025-11-26 22:27:58
mistral:7b,global_development,question_13,How many countries has the gdp per capita lower than the world in 2019?,0.0505,2.1695,2.22,0.0,18.2041,8.2,2.0226,2025-11-26 22:28:01
mistral:7b,global_development,question_14,Which country has the highest health expenditure per capita in 2020?,0.0305,4.209,4.2395,0.0,36.2872,8.56,4.0319,2025-11-26 22:28:05
mistral:7b,global_development,question_15,How many countries are in lower middle income group as in 2020?,0.0318,4.0005,4.0323,0.0,32.0524,7.95,3.5614,2025-11-26 22:28:09
mistral:7b,global_development,question_16,What is the average digital readiness score of high income countries in 2019?,0.0309,5.7358,5.7667,0.0,49.1665,8.53,5.4629,2025-11-26 22:28:15
mistral:7b,global_development,question_17,Which country has the lowest global resilience score?,0.04,4.7699,4.8099,0.0,37.3755,7.77,4.1528,2025-11-26 22:28:20
mistral:7b,global_development,question_18,What is the highest energy per capita score in 2020? In which country,0.0293,7.2461,7.2754,0.0,58.6417,8.06,6.5158,2025-11-26 22:28:28
mistral:7b,global_development,question_19,What country has the longest period of deflation? Deflation is known as when the inflation is negative,0.0311,7.7315,7.7626,0.0,67.5591,8.7,7.5066,2025-11-26 22:28:36
mistral:7b,global_development,question_2,Country with the highest global development resilience score in 2020,0.035,6.0078,6.0428,0.0,56.3708,9.33,6.2634,2025-11-26 22:28:42
mistral:7b,global_development,question_20,Which country has the highest gdp per capita among lower middle income group?,0.032,4.9748,5.0068,0.0,44.2677,8.84,4.9187,2025-11-26 22:28:47
mistral:7b,global_development,question_21,Number of countries have higher economic opportunity than the world,0.0299,9.4906,9.5205,0.0,73.5857,7.73,8.1762,2025-11-26 22:28:57
mistral:7b,global_development,question_22,"Looking at the green transition score of all the countries and regions over the years, what is the common patterns?",0.0336,14.423,14.4566,0.0,113.4853,7.85,12.6095,2025-11-26 22:29:12
mistral:7b,global_development,question_23,Explain for me the correlations of human development index and gdp per capita,0.0316,10.4501,10.4817,0.0,84.4616,8.06,9.3846,2025-11-26 22:29:22
mistral:7b,global_development,question_24,Evaluate the differences in digital readiness of South Asia compared to Europe region,0.0297,18.294,18.3237,0.0,150.2439,8.2,16.6938,2025-11-26 22:29:41
mistral:7b,global_development,question_25,Is there any correlation between governance quality and digital readiness score of South Asia?,0.0628,24.6652,24.728,0.0,232.4711,9.4,25.8301,2025-11-26 22:30:06
mistral:7b,global_development,question_26,Does the school enrolment in secondary affect the HDI in South Asia?,0.0605,13.1531,13.2136,0.0,99.6402,7.54,11.0711,2025-11-26 22:30:19
mistral:7b,global_development,question_27,What is the relationship of the FDI percentage of gdp and economic grow in middle and low income group?,0.0298,13.7054,13.7352,0.0,108.5007,7.9,12.0556,2025-11-26 22:30:33
mistral:7b,global_development,question_28,"Compare the economic opportunity index of high income, middlie income groups and the world",0.0279,15.7311,15.759,0.0,122.9301,7.8,13.6589,2025-11-26 22:30:49
mistral:7b,global_development,question_29,Is the weather vulnerability related to the child mortality in high income country?,0.0451,6.3825,6.4276,0.0,51.8494,8.07,5.761,2025-11-26 22:30:56
mistral:7b,global_development,question_3,What is the human development index score of Vietnam in 2019?,0.0322,4.0306,4.0628,0.0,32.4285,7.98,3.6031,2025-11-26 22:31:00
mistral:7b,global_development,question_30,Do countries with high weather vulnerability score have higher green transition scores? Explain for me the implication,0.0344,9.7754,9.8098,0.0,76.9889,7.85,8.5543,2025-11-26 22:31:10
mistral:7b,global_development,question_31,What is the relationship between unemployment rate and inflation of US through years?,0.0342,6.9651,6.9993,0.0,56.3363,8.05,6.2596,2025-11-26 22:31:17
mistral:7b,global_development,question_4,What is the inflation rate of Vietnam in 2009?,0.0317,4.4992,4.5309,0.0,43.1749,9.53,4.7972,2025-11-26 22:31:22
mistral:7b,global_development,question_5,What is the unemployment rate of Europe region in 2008?,0.0367,9.9789,10.0156,0.0,83.1137,8.3,9.2349,2025-11-26 22:31:32
mistral:7b,global_development,question_6,What is the life expectancy of Japan in 2020?,0.0357,5.6726,5.7083,0.0,42.7621,7.49,4.7514,2025-11-26 22:31:38
mistral:7b,global_development,question_7,What is the economic opportunity index of indebt countries group in 2020?,0.0298,14.3507,14.3805,0.0,110.5704,7.69,12.2856,2025-11-26 22:31:53
mistral:7b,global_development,question_8,What is the gpd per capita of OECD group in 2019?,0.0291,11.8321,11.8612,0.0,92.9986,7.84,10.3332,2025-11-26 22:32:05
mistral:7b,global_development,question_9,What is the green transition score of lower middle income group in 2020?,0.0308,8.7577,8.7885,0.0,67.5651,7.69,7.5072,2025-11-26 22:32:14
mistral:7b,happiness_record,question_1,What is the positive affect of US in 2008?,0.0336,8.9697,9.0033,0.0,66.9812,7.44,7.4423,2025-11-26 22:32:23
mistral:7b,happiness_record,question_10,What is the Confidence In National Government of Singapore in 2022?,0.0305,7.0172,7.0477,0.0,55.5621,7.88,6.1736,2025-11-26 22:32:30
mistral:7b,happiness_record,question_11,What is the average positive affect of all countries in 2008?,0.0312,2.5817,2.6129,0.0,25.789,9.87,2.8654,2025-11-26 22:32:33
mistral:7b,happiness_record,question_12,What is the average life ladder of Asia countries in 2022?,0.0334,8.453,8.4864,0.0,62.4867,7.36,6.9429,2025-11-26 22:32:42
mistral:7b,happiness_record,question_13,Which country has the highest average long gdp per capita through years?,0.0321,2.4244,2.4565,0.0,33.2133,13.52,3.6904,2025-11-26 22:32:45
mistral:7b,happiness_record,question_14,Which country has the lowest average social support score over years?,0.0324,15.8912,15.9236,0.0,134.5307,8.45,14.9478,2025-11-26 22:33:01
mistral:7b,happiness_record,question_15,What is the average Healthy Life Expectancy At Birth of the world after 2020? ,0.0463,5.7187,5.765,0.0,44.8993,7.79,4.9889,2025-11-26 22:33:07
mistral:7b,happiness_record,question_16,Which country has the highest freedom to make choices index? What region is it from? ,0.0307,2.408,2.4387,0.0,18.7894,7.7,2.0877,2025-11-26 22:33:09
mistral:7b,happiness_record,question_17,How many countries have higher average generiosity over years compared to the world' average?,0.0323,9.8544,9.8867,0.0,74.8894,7.57,8.321,2025-11-26 22:33:19
mistral:7b,happiness_record,question_18,Which region has the highest average perceptions of corruption?,0.0384,2.8182,2.8566,0.0,21.8639,7.65,2.4293,2025-11-26 22:33:22
mistral:7b,happiness_record,question_19,Which country has the highest average negative affect in 2022? ,0.0336,3.7361,3.7697,0.0,36.2817,9.62,4.0313,2025-11-26 22:33:26
mistral:7b,happiness_record,question_2,What is the life ladder of Vietnam in 2022?,0.0314,15.6185,15.6499,0.0,122.1133,7.8,13.5682,2025-11-26 22:33:42
mistral:7b,happiness_record,question_20,What is the average Confidence In National Government score of Vietnam over years?,0.0536,7.1786,7.2322,0.0,64.9309,8.98,7.2146,2025-11-26 22:33:50
mistral:7b,happiness_record,question_21,What are the countries having confidence in national goverment higher than world average in 2022?,0.0342,3.649,3.6832,0.0,30.9782,8.41,3.442,2025-11-26 22:33:54
mistral:7b,happiness_record,question_22,Interpret for me the current trend in positive affect of the world from 2008 to 2022?,0.0304,8.5191,8.5495,0.0,67.0583,7.84,7.4509,2025-11-26 22:34:02
mistral:7b,happiness_record,question_23,Comparing the life ladder of Asia and Europe to tell me which region is worth to live?,0.0315,10.2862,10.3177,0.0,79.2914,7.68,8.8101,2025-11-26 22:34:13
mistral:7b,happiness_record,question_24,Are countries with higher long gdp per capita likely to have higher positive effect over years? Comparing the data to evaluate ,0.0326,6.1157,6.1483,0.0,45.8276,7.45,5.092,2025-11-26 22:34:19
mistral:7b,happiness_record,question_25,Does lack of social support lead to higher negative affect over years? ,0.0327,11.9401,11.9728,0.0,99.114,8.28,11.0127,2025-11-26 22:34:32
mistral:7b,happiness_record,question_26,"Analyze the trend of Healthy Life Expectancy At Birth by region (Asia, Europe, North America)",0.0338,19.9818,20.0156,0.0,161.7337,8.08,17.9704,2025-11-26 22:34:52
mistral:7b,happiness_record,question_27,Evaluate for me the relationship between freedom to make choices and positive affect of Asia and North America countries. Explain the reasons.,0.0484,16.4299,16.4783,0.0,128.4333,7.79,14.2703,2025-11-26 22:35:08
mistral:7b,happiness_record,question_28,What is the current movement of generiosity of Asian countries over years? Explain the reasons.,0.0478,13.2712,13.319,0.0,102.9161,7.73,11.4352,2025-11-26 22:35:22
mistral:7b,happiness_record,question_29,What is the relationship of percptions of corruption and confidence in national government?,0.031,13.6259,13.6569,0.0,106.5737,7.8,11.8416,2025-11-26 22:35:36
mistral:7b,happiness_record,question_3,What is the long GDP per capita of China in 2009?,0.0305,9.7908,9.8213,0.0,75.5062,7.69,8.3896,2025-11-26 22:35:46
mistral:7b,happiness_record,question_30,Do high long gdp per capita countries have higher negative affects? Explain the results.,0.0357,9.9083,9.944,0.0,78.8369,7.93,8.7596,2025-11-26 22:35:56
mistral:7b,happiness_record,question_31,How differences in Confidence In National Government score comparing all the regions? Evaluate the importance of governance trust on positive affects.,0.0321,11.9523,11.9844,0.0,91.8516,7.66,10.2057,2025-11-26 22:36:08
mistral:7b,happiness_record,question_4,What is the social support index of Germany in 2008?,0.0358,4.0463,4.0821,0.0,32.6024,7.99,3.6225,2025-11-26 22:36:13
mistral:7b,happiness_record,question_5,What is the Healthy Life Expectancy At Birth of Japan in 2020?,0.0332,2.5405,2.5737,0.0,20.4029,7.93,2.267,2025-11-26 22:36:15
mistral:7b,happiness_record,question_6,What is the Freedom To Make Life Choices of Vietnam in 2018?,0.0292,14.4711,14.5003,0.0,140.379,9.68,15.5976,2025-11-26 22:36:30
mistral:7b,happiness_record,question_7,What is the generiosity score of Singapore in 2022?,0.0351,6.4335,6.4686,0.0,49.8468,7.71,5.5385,2025-11-26 22:36:37
mistral:7b,happiness_record,question_8,What is the Perceptions Of Corruption of Ecuador in 2008?,0.0346,4.8676,4.9022,0.0,36.464,7.44,4.0515,2025-11-26 22:36:42
mistral:7b,happiness_record,question_9,What is the negative affect of Japan in 2022?,0.0306,16.0587,16.0893,0.0,126.8217,7.88,14.0913,2025-11-26 22:36:58
phi3.5:3.8b,country_income,question_1,What is the gini recalculated of Vietnam in 2015?,0.0496,12.6186,12.6682,0.0,109.4927,8.64,12.1659,2025-11-26 22:37:11
phi3.5:3.8b,country_income,question_10,What is the net income of each category of Vietnam in 2015?,0.0411,9.0465,9.0876,0.0,72.4278,7.97,8.0476,2025-11-26 22:37:20
phi3.5:3.8b,country_income,question_11,What is the average of gini recalcuated score of Vietnam by year?,0.0355,12.6087,12.6442,0.0,98.6719,7.8,10.9635,2025-11-26 22:37:33
phi3.5:3.8b,country_income,question_12,Top 5 country that have highest gini recalulated in 2015,0.0409,9.2935,9.3344,0.0,68.7211,7.36,7.6357,2025-11-26 22:37:43
phi3.5:3.8b,country_income,question_13,Top 5 country of which d1 category has highest net income in 2015,0.0336,15.7152,15.7488,0.0,124.1167,7.88,13.7908,2025-11-26 22:37:59
phi3.5:3.8b,country_income,question_14,How many countries have gini recalculated lower than the world average in 2015?,0.0535,14.3538,14.4073,0.0,110.2067,7.65,12.2452,2025-11-26 22:38:13
phi3.5:3.8b,country_income,question_15,What is the average of d10 net income of Vietnam over years?,0.0533,3.6412,3.6945,0.0,27.3364,7.4,3.0374,2025-11-26 22:38:17
phi3.5:3.8b,country_income,question_16,What is the total net income of d5 to d9 groups of Vietnam in 2015?,0.0479,3.3551,3.403,0.0,28.0548,8.24,3.1172,2025-11-26 22:38:21
phi3.5:3.8b,country_income,question_17,What is the average gini recalculated score of top 5 countries having highest population in 2015?,0.0302,12.4178,12.448,0.0,93.1408,7.48,10.349,2025-11-26 22:38:34
phi3.5:3.8b,country_income,question_18,Calculate the average gini of countries by region ID in 2015,0.033,7.8865,7.9195,0.0,60.9383,7.69,6.7709,2025-11-26 22:38:42
phi3.5:3.8b,country_income,question_19,What is the growth rate of gini recalculated of Vietnam for each year?,0.0593,27.4496,27.5089,0.0,213.6192,7.77,23.7355,2025-11-26 22:39:09
phi3.5:3.8b,country_income,question_2,What is the net income of d10 category of US in 2015?,0.1561,7.6498,7.8059,0.0,58.5881,7.51,6.5098,2025-11-26 22:39:17
phi3.5:3.8b,country_income,question_20,The average gini recalculated of the world in 2015,0.034,12.7334,12.7674,0.0,109.3109,8.56,12.1457,2025-11-26 22:39:30
phi3.5:3.8b,country_income,question_21,What is the ratio of net income of d10 to d1 group of Singapore in 2015?,0.0354,10.6384,10.6738,0.0,97.4816,9.13,10.8312,2025-11-26 22:39:41
phi3.5:3.8b,country_income,question_22,Vietnam released economic reformation policy named 'Doi Moi' from 1986 to 2000. Evaluate the effectiveness of the policy based on the gini score trend of the country in 2 phases: Before 1986 and after 1986,0.0365,27.2259,27.2624,0.0,212.7936,7.81,23.6437,2025-11-26 22:40:09
phi3.5:3.8b,country_income,question_23,Analyze the trend of world's income inequality across region from 1967 to 2015.,0.06,7.8292,7.8892,0.0,64.1579,8.13,7.1286,2025-11-26 22:40:17
phi3.5:3.8b,country_income,question_24,Does higher gdp per capita posiviely correlated with high income inequality? Explain possible reasons,0.0314,26.9374,26.9688,0.0,201.7567,7.48,22.4174,2025-11-26 22:40:44
phi3.5:3.8b,country_income,question_25,The financial crisis happened in 2008. Evaluate the income inequality before and after the event in US.,0.0404,18.3444,18.3848,0.0,137.7063,7.49,15.3007,2025-11-26 22:41:03
phi3.5:3.8b,country_income,question_26,Analyze the trend of income inequality and gdp per capita of Singapore from 1970 onward.,0.062,24.3106,24.3726,0.0,178.7168,7.33,19.8574,2025-11-26 22:41:27
phi3.5:3.8b,country_income,question_27,Does population affect income inequality? Analyze gini index of China through years to explain,0.0501,33.0551,33.1052,0.0,245.0585,7.4,27.2287,2025-11-26 22:42:01
phi3.5:3.8b,country_income,question_28,Comparing the gini index of China and US over years to evaluate which country has higher income inequality,0.0484,14.387,14.4354,0.0,109.7713,7.6,12.1969,2025-11-26 22:42:15
phi3.5:3.8b,country_income,question_29,Which region ID has high income inequality? Explain reasons behind it,0.0318,24.3854,24.4172,0.0,188.5462,7.72,20.9496,2025-11-26 22:42:40
phi3.5:3.8b,country_income,question_3,What is the net income of d1 category of Thailand in 2009?,0.0594,4.677,4.7364,0.0,36.9635,7.8,4.1071,2025-11-26 22:42:45
phi3.5:3.8b,country_income,question_30,"What are the common patterns can be observed from countries with high income inequality in 2015, knowing gini greater than 0.4 is considered as high inequality",0.0347,32.4037,32.4384,0.0,275.0914,8.48,30.5658,2025-11-26 22:43:18
phi3.5:3.8b,country_income,question_31,"Evaluate the net income gap between low income group d1 to d4, middle income group d5 to d9 and high income group d10 in Vietnam and propose improvement plan",0.0539,27.5849,27.6388,0.0,211.2746,7.64,23.4749,2025-11-26 22:43:45
phi3.5:3.8b,country_income,question_4,What is the net income of d10 group of Singapore in 1970?,0.0771,2.5724,2.6495,0.0,20.2988,7.66,2.2554,2025-11-26 22:43:48
phi3.5:3.8b,country_income,question_5,What is the population of China in 2000?,0.0312,7.488,7.5192,0.0,56.0157,7.45,6.2239,2025-11-26 22:43:56
phi3.5:3.8b,country_income,question_6,What is the gdp per capita of Sweden in 2015?,0.0381,13.5184,13.5565,0.0,104.9165,7.74,11.6574,2025-11-26 22:44:10
phi3.5:3.8b,country_income,question_7,Distinct list of region ID,0.0308,14.4437,14.4745,0.0,107.1692,7.4,11.9077,2025-11-26 22:44:24
phi3.5:3.8b,country_income,question_8,All the countries have gini recalculated greater than 0.4 in 2015,0.0334,11.7877,11.8211,0.0,95.9358,8.12,10.6596,2025-11-26 22:44:37
phi3.5:3.8b,country_income,question_9,"What is the gpd per capita, population and gini coefficient of Vietnam in 2010?",0.033,16.3178,16.3508,0.0,122.9711,7.52,13.6634,2025-11-26 22:44:53
phi3.5:3.8b,finance_economics,question_1,"The inflation rate of November 28, 2008",0.0459,5.1781,5.224,0.0,43.1681,8.26,4.7964,2025-11-26 22:44:59
phi3.5:3.8b,finance_economics,question_10,"The unemployment rate, interest rate, inflation rate, the date where Dow Jones has top trading volume",0.0342,21.4812,21.5154,0.0,169.5872,7.88,18.843,2025-11-26 22:45:20
phi3.5:3.8b,finance_economics,question_11,"Number of days which the closing price is higher than the open price of Dow Jones, S&P 500, NASDAQ",0.0455,6.469,6.5145,0.0,48.974,7.52,5.4416,2025-11-26 22:45:27
phi3.5:3.8b,finance_economics,question_12,The annual consumer spending from 2000 to 2008,0.0337,24.6355,24.6692,0.0,186.5005,7.56,20.7222,2025-11-26 22:45:52
phi3.5:3.8b,finance_economics,question_13,The annual growth rate of consumer confidence index from 2000 to 2008,0.0441,24.2351,24.2792,0.0,184.6051,7.6,20.5117,2025-11-26 22:46:16
phi3.5:3.8b,finance_economics,question_14,Ratio of days having negative gdp growth to total days,0.0425,5.8285,5.871,0.0,51.2968,8.74,5.6996,2025-11-26 22:46:22
phi3.5:3.8b,finance_economics,question_15,The average bankruptcy rate and M&A deals by year,0.0311,10.6243,10.6554,0.0,109.907,10.31,12.2119,2025-11-26 22:46:33
phi3.5:3.8b,finance_economics,question_16,Number of days where the gdp growth is negative,0.0326,8.9987,9.0313,0.0,72.4647,8.02,8.0516,2025-11-26 22:46:43
phi3.5:3.8b,finance_economics,question_17,"Average monthly trading volume of NASDAQ, S&P 500, Dow Jones",0.0344,7.3893,7.4237,0.0,54.6661,7.36,6.074,2025-11-26 22:46:50
phi3.5:3.8b,finance_economics,question_18,Which year has the highest average consumer confidence index?,0.0321,9.4422,9.4743,0.0,71.7479,7.57,7.972,2025-11-26 22:47:00
phi3.5:3.8b,finance_economics,question_19,The annual average venture capital funding by year,0.0385,4.725,4.7635,0.0,38.3507,8.05,4.2612,2025-11-26 22:47:05
phi3.5:3.8b,finance_economics,question_2,"The open price, close price, trading volume of Feb 20, 2000",0.0341,12.5465,12.5806,0.0,93.2712,7.41,10.3635,2025-11-26 22:47:18
phi3.5:3.8b,finance_economics,question_20,The ratio of government debt to consumer spending by year,0.0337,26.8534,26.8871,0.0,207.5803,7.72,23.0645,2025-11-26 22:47:45
phi3.5:3.8b,finance_economics,question_21,Average gold price by year,0.0654,3.1445,3.2099,0.0,24.8792,7.75,2.7643,2025-11-26 22:47:48
phi3.5:3.8b,finance_economics,question_22,"2008 was the year of global financial crisis. Evaluate some indicators that signaled this recession, and propose a risk mitigation strategy for stock investing",0.0311,82.6201,82.6512,0.0,614.9125,7.44,68.3236,2025-11-26 22:49:11
phi3.5:3.8b,finance_economics,question_23,Does government debt effect GDP growth? Analyze the given data and recommend policymakers on how to create positive gdp growth,0.0501,37.0656,37.1157,0.0,311.8204,8.4,34.6467,2025-11-26 22:49:48
phi3.5:3.8b,finance_economics,question_24,Low interest rate leads to risky money flow into stock and consumer spending. Evaluate the data to verify the accuracy of this statement. ,0.0579,15.7902,15.8481,0.0,86.473,5.46,9.6081,2025-11-26 22:50:04
phi3.5:3.8b,finance_economics,question_25,"Analyze the past performance of all the asset types, stock, commodity, real estate, forex and propose which type of asset is worth to invest in based on investors' risk apetite",0.0493,35.6066,35.6559,0.0,165.6248,4.65,18.4028,2025-11-26 22:50:40
phi3.5:3.8b,finance_economics,question_26,Evaluate the relationship between inflation rate and consumer spending,0.0462,13.5054,13.5516,0.0,67.9634,5.02,7.5515,2025-11-26 22:50:54
phi3.5:3.8b,finance_economics,question_27,"Which stock indexes should investors invest in? Analyze NASDAQ, S&P 500, Dow Jones performances",0.0324,19.2346,19.267,0.0,94.049,4.88,10.4498,2025-11-26 22:51:14
phi3.5:3.8b,finance_economics,question_28,"What is the relationship between interest rate, unemployment rate and corporate profits? Propose strategy for policymakers to promote corporate activities",0.0421,49.0739,49.116,0.0,432.1583,8.8,48.0175,2025-11-26 22:52:03
phi3.5:3.8b,finance_economics,question_29,"venture capital funding is private fundraising, wheras stock index activities is public fundraising. Which fundraising channel is more active in US, explain the reasons",0.0663,30.4463,30.5126,0.0,253.8041,8.32,28.2005,2025-11-26 22:52:34
phi3.5:3.8b,finance_economics,question_3,"The gold price, crude oil price, real estate index of Jan 1, 2008",0.0519,3.3467,3.3986,0.0,48.2348,14.19,5.3594,2025-11-26 22:52:37
phi3.5:3.8b,finance_economics,question_30,"Recommend asset classes to invest when the USD currency is appreciated, and when it is depreciated",0.0351,36.5786,36.6137,0.0,502.4133,13.72,55.8237,2025-11-26 22:53:14
phi3.5:3.8b,finance_economics,question_31,"When it is best to invest in real estate in terms of interest rate environment, stock performance and unemployment context?",0.0624,29.2807,29.3431,0.0,304.8291,10.39,33.8699,2025-11-26 22:53:44
phi3.5:3.8b,finance_economics,question_4,"The consumer confidence index of 24 December, 2007",0.0449,9.5596,9.6045,0.0,118.3475,12.32,13.1498,2025-11-26 22:53:53
phi3.5:3.8b,finance_economics,question_5,"The date, stock index on which stock index reached the highest Daily High",0.0327,10.7696,10.8023,0.0,102.539,9.49,11.3932,2025-11-26 22:54:04
phi3.5:3.8b,finance_economics,question_6,"The date, gold price, crude oil price and gdp growth where unemployment rate reached the highest",0.0439,20.6728,20.7167,0.0,218.8753,10.57,24.3194,2025-11-26 22:54:25
phi3.5:3.8b,finance_economics,question_7,"The date, forex US/EUR, US/JPY where gdp growth is negative",0.0531,10.5699,10.623,0.0,105.9564,9.97,11.773,2025-11-26 22:54:36
phi3.5:3.8b,finance_economics,question_8,The date where trading volumne is the largest,0.0301,8.3851,8.4152,0.0,76.2702,9.06,8.4745,2025-11-26 22:54:45
phi3.5:3.8b,finance_economics,question_9,"The date, consumer confidence index, consumer spending where the bankruptcy rate is highest",0.0284,27.2588,27.2872,0.0,260.8665,9.56,28.9852,2025-11-26 22:55:12
phi3.5:3.8b,global_development,question_1,What is the digital readiness score of South Asia in 2020?,0.0533,4.4991,4.5524,0.0,41.2027,9.05,4.578,2025-11-26 22:55:17
phi3.5:3.8b,global_development,question_10,What is the unemployment rate of US in 2020?,0.0338,3.495,3.5288,0.0,34.7903,9.86,3.8656,2025-11-26 22:55:21
phi3.5:3.8b,global_development,question_11,To what extent has the world's GDP per capita grown between 2000 and 2020?,0.0323,25.0491,25.0814,0.0,236.8112,9.44,26.3124,2025-11-26 22:55:46
phi3.5:3.8b,global_development,question_12,What is the average economic opportunity index of low and indebt countries?,0.0479,12.1584,12.2063,0.0,111.9361,9.17,12.4374,2025-11-26 22:55:59
phi3.5:3.8b,global_development,question_13,How many countries has the gdp per capita lower than the world in 2019?,0.0467,2.7662,2.8129,0.0,28.1847,10.02,3.1316,2025-11-26 22:56:02
phi3.5:3.8b,global_development,question_14,Which country has the highest health expenditure per capita in 2020?,0.0334,6.7546,6.788,0.0,60.6838,8.94,6.7427,2025-11-26 22:56:09
phi3.5:3.8b,global_development,question_15,How many countries are in lower middle income group as in 2020?,0.0289,3.8816,3.9105,0.0,40.7827,10.43,4.5314,2025-11-26 22:56:13
phi3.5:3.8b,global_development,question_16,What is the average digital readiness score of high income countries in 2019?,0.0298,12.3476,12.3774,0.0,124.8426,10.09,13.8714,2025-11-26 22:56:25
phi3.5:3.8b,global_development,question_17,Which country has the lowest global resilience score?,0.038,10.0829,10.1209,0.0,102.5638,10.13,11.396,2025-11-26 22:56:36
phi3.5:3.8b,global_development,question_18,What is the highest energy per capita score in 2020? In which country,0.0322,12.073,12.1052,0.0,119.1286,9.84,13.2366,2025-11-26 22:56:48
phi3.5:3.8b,global_development,question_19,What country has the longest period of deflation? Deflation is known as when the inflation is negative,0.034,19.3689,19.4029,0.0,223.7784,11.53,24.8643,2025-11-26 22:57:08
phi3.5:3.8b,global_development,question_2,Country with the highest global development resilience score in 2020,0.0575,17.8976,17.9551,0.0,194.2074,10.82,21.5786,2025-11-26 22:57:26
phi3.5:3.8b,global_development,question_20,Which country has the highest gdp per capita among lower middle income group?,0.0573,14.4061,14.4634,0.0,152.215,10.52,16.9128,2025-11-26 22:57:40
phi3.5:3.8b,global_development,question_21,Number of countries have higher economic opportunity than the world,0.0336,10.6688,10.7024,0.0,110.9597,10.37,12.3289,2025-11-26 22:57:51
phi3.5:3.8b,global_development,question_22,"Looking at the green transition score of all the countries and regions over the years, what is the common patterns?",0.0387,21.7051,21.7438,0.0,224.5165,10.33,24.9463,2025-11-26 22:58:13
phi3.5:3.8b,global_development,question_23,Explain for me the correlations of human development index and gdp per capita,0.0501,24.4587,24.5088,0.0,248.1856,10.13,27.5762,2025-11-26 22:58:38
phi3.5:3.8b,global_development,question_24,Evaluate the differences in digital readiness of South Asia compared to Europe region,0.0517,26.2503,26.302,0.0,258.9081,9.84,28.7676,2025-11-26 22:59:04
phi3.5:3.8b,global_development,question_25,Is there any correlation between governance quality and digital readiness score of South Asia?,0.0578,2.8462,2.904,0.0,30.4913,10.5,3.3879,2025-11-26 22:59:08
phi3.5:3.8b,global_development,question_26,Does the school enrolment in secondary affect the HDI in South Asia?,0.0309,36.8419,36.8728,0.0,389.3848,10.56,43.265,2025-11-26 22:59:45
phi3.5:3.8b,global_development,question_27,What is the relationship of the FDI percentage of gdp and economic grow in middle and low income group?,0.0635,17.1375,17.201,0.0,174.2382,10.13,19.3598,2025-11-26 23:00:02
phi3.5:3.8b,global_development,question_28,"Compare the economic opportunity index of high income, middlie income groups and the world",0.0525,15.642,15.6945,0.0,160.1576,10.2,17.7953,2025-11-26 23:00:18
phi3.5:3.8b,global_development,question_29,Is the weather vulnerability related to the child mortality in high income country?,0.042,18.7352,18.7772,0.0,201.3403,10.72,22.3712,2025-11-26 23:00:37
phi3.5:3.8b,global_development,question_3,What is the human development index score of Vietnam in 2019?,0.0496,21.7478,21.7974,0.0,267.739,12.28,29.7488,2025-11-26 23:00:59
phi3.5:3.8b,global_development,question_30,Do countries with high weather vulnerability score have higher green transition scores? Explain for me the implication,0.0609,28.5797,28.6406,0.0,365.2543,12.75,40.5838,2025-11-26 23:01:28
phi3.5:3.8b,global_development,question_31,What is the relationship between unemployment rate and inflation of US through years?,0.0585,24.0849,24.1434,0.0,237.2015,9.82,26.3557,2025-11-26 23:01:52
phi3.5:3.8b,global_development,question_4,What is the inflation rate of Vietnam in 2009?,0.0495,12.4848,12.5343,0.0,129.2812,10.31,14.3645,2025-11-26 23:02:05
phi3.5:3.8b,global_development,question_5,What is the unemployment rate of Europe region in 2008?,0.0314,8.1686,8.2,0.0,92.9265,11.33,10.3252,2025-11-26 23:02:13
phi3.5:3.8b,global_development,question_6,What is the life expectancy of Japan in 2020?,0.0336,9.7739,9.8075,0.0,100.0695,10.2,11.1188,2025-11-26 23:02:23
phi3.5:3.8b,global_development,question_7,What is the economic opportunity index of indebt countries group in 2020?,0.0344,14.0448,14.0792,0.0,126.2784,8.97,14.031,2025-11-26 23:02:38
phi3.5:3.8b,global_development,question_8,What is the gpd per capita of OECD group in 2019?,0.0411,18.8063,18.8474,0.0,274.9981,14.59,30.5554,2025-11-26 23:02:57
phi3.5:3.8b,global_development,question_9,What is the green transition score of lower middle income group in 2020?,0.0604,13.0905,13.1509,0.0,133.4946,10.15,14.8327,2025-11-26 23:03:10
phi3.5:3.8b,happiness_record,question_1,What is the positive affect of US in 2008?,0.0428,94.013,94.0558,0.0,1335.4833,14.2,148.3871,2025-11-26 23:04:44
phi3.5:3.8b,happiness_record,question_10,What is the Confidence In National Government of Singapore in 2022?,0.1229,26.722,26.8449,0.0,329.6574,12.28,36.6286,2025-11-26 23:05:11
phi3.5:3.8b,happiness_record,question_11,What is the average positive affect of all countries in 2008?,0.0492,37.0276,37.0768,0.0,415.3611,11.2,46.1512,2025-11-26 23:05:49
phi3.5:3.8b,happiness_record,question_12,What is the average life ladder of Asia countries in 2022?,0.1424,33.9384,34.0808,0.0,453.4465,13.31,50.383,2025-11-26 23:06:23
phi3.5:3.8b,happiness_record,question_13,Which country has the highest average long gdp per capita through years?,0.1189,19.1542,19.2731,0.0,197.5224,10.25,21.9469,2025-11-26 23:06:42
phi3.5:3.8b,happiness_record,question_14,Which country has the lowest average social support score over years?,0.0489,48.5632,48.6121,0.0,474.5566,9.76,52.7285,2025-11-26 23:07:31
phi3.5:3.8b,happiness_record,question_15,What is the average Healthy Life Expectancy At Birth of the world after 2020? ,0.0578,40.0751,40.1329,0.0,358.0986,8.92,39.7887,2025-11-26 23:08:12
phi3.5:3.8b,happiness_record,question_16,Which country has the highest freedom to make choices index? What region is it from? ,0.0497,25.722,25.7717,0.0,247.5451,9.61,27.505,2025-11-26 23:08:38
phi3.5:3.8b,happiness_record,question_17,How many countries have higher average generiosity over years compared to the world' average?,0.0526,21.4881,21.5407,0.0,206.7987,9.6,22.9776,2025-11-26 23:08:59
phi3.5:3.8b,happiness_record,question_18,Which region has the highest average perceptions of corruption?,0.0472,21.724,21.7712,0.0,189.8934,8.72,21.0993,2025-11-26 23:09:21
phi3.5:3.8b,happiness_record,question_19,Which country has the highest average negative affect in 2022? ,0.0568,27.699,27.7558,0.0,242.1897,8.73,26.9099,2025-11-26 23:09:49
phi3.5:3.8b,happiness_record,question_2,What is the life ladder of Vietnam in 2022?,0.066,44.9549,45.0209,0.0,540.6757,12.01,60.0751,2025-11-26 23:10:34
phi3.5:3.8b,happiness_record,question_20,What is the average Confidence In National Government score of Vietnam over years?,0.0497,13.9502,13.9999,0.0,122.9666,8.78,13.663,2025-11-26 23:10:49
phi3.5:3.8b,happiness_record,question_21,What are the countries having confidence in national goverment higher than world average in 2022?,0.0285,9.4585,9.487,0.0,72.9317,7.69,8.1035,2025-11-26 23:10:58
phi3.5:3.8b,happiness_record,question_22,Interpret for me the current trend in positive affect of the world from 2008 to 2022?,0.0311,76.1954,76.2265,0.0,731.7695,9.6,81.3077,2025-11-26 23:12:15
phi3.5:3.8b,happiness_record,question_23,Comparing the life ladder of Asia and Europe to tell me which region is worth to live?,0.0542,40.9275,40.9817,0.0,493.1723,12.03,54.7969,2025-11-26 23:12:56
phi3.5:3.8b,happiness_record,question_24,Are countries with higher long gdp per capita likely to have higher positive effect over years? Comparing the data to evaluate ,0.0622,66.5531,66.6153,0.0,608.6263,9.14,67.6252,2025-11-26 23:14:03
phi3.5:3.8b,happiness_record,question_25,Does lack of social support lead to higher negative affect over years? ,0.0537,20.2712,20.3249,0.0,182.3029,8.97,20.2559,2025-11-26 23:14:23
phi3.5:3.8b,happiness_record,question_26,"Analyze the trend of Healthy Life Expectancy At Birth by region (Asia, Europe, North America)",0.0548,65.5024,65.5572,0.0,726.3284,11.08,80.7032,2025-11-26 23:15:29
phi3.5:3.8b,happiness_record,question_27,Evaluate for me the relationship between freedom to make choices and positive affect of Asia and North America countries. Explain the reasons.,0.0595,42.5054,42.5649,0.0,441.0798,10.36,49.0089,2025-11-26 23:16:12
phi3.5:3.8b,happiness_record,question_28,What is the current movement of generiosity of Asian countries over years? Explain the reasons.,0.0587,46.7252,46.7839,0.0,468.0878,10.01,52.0097,2025-11-26 23:16:59
phi3.5:3.8b,happiness_record,question_29,What is the relationship of percptions of corruption and confidence in national government?,0.0673,43.6047,43.672,0.0,557.4028,12.76,61.9336,2025-11-26 23:17:43
phi3.5:3.8b,happiness_record,question_3,What is the long GDP per capita of China in 2009?,0.0543,37.0764,37.1307,0.0,577.5119,15.55,64.1679,2025-11-26 23:18:20
phi3.5:3.8b,happiness_record,question_30,Do high long gdp per capita countries have higher negative affects? Explain the results.,0.0689,64.16,64.2289,0.0,940.4287,14.64,104.4921,2025-11-26 23:19:25
phi3.5:3.8b,happiness_record,question_31,How differences in Confidence In National Government score comparing all the regions? Evaluate the importance of governance trust on positive affects.,0.1453,81.4681,81.6134,0.0,1267.4648,15.53,140.8294,2025-11-26 23:20:46
phi3.5:3.8b,happiness_record,question_4,What is the social support index of Germany in 2008?,0.1331,58.3303,58.4634,0.0,877.788,15.01,97.532,2025-11-26 23:21:45
phi3.5:3.8b,happiness_record,question_5,What is the Healthy Life Expectancy At Birth of Japan in 2020?,0.0954,19.5072,19.6026,0.0,344.3411,17.57,38.2602,2025-11-26 23:22:05
phi3.5:3.8b,happiness_record,question_6,What is the Freedom To Make Life Choices of Vietnam in 2018?,0.1352,25.5483,25.6835,0.0,196.7857,7.66,21.865,2025-11-26 23:22:31
phi3.5:3.8b,happiness_record,question_7,What is the generiosity score of Singapore in 2022?,0.0483,28.1344,28.1827,0.0,239.0698,8.48,26.5633,2025-11-26 23:22:59
phi3.5:3.8b,happiness_record,question_8,What is the Perceptions Of Corruption of Ecuador in 2008?,0.0518,24.5886,24.6404,0.0,190.255,7.72,21.1394,2025-11-26 23:23:24
phi3.5:3.8b,happiness_record,question_9,What is the negative affect of Japan in 2022?,0.054,674.1669,674.2209,0.0,6122.5144,9.08,680.2794,2025-11-26 23:34:39
phi4-mini:3.8b,country_income,question_1,What is the gini recalculated of Vietnam in 2015?,0.0683,10.5144,10.5827,0.0,115.1102,10.88,12.79,2025-11-26 23:34:49
phi4-mini:3.8b,country_income,question_10,What is the net income of each category of Vietnam in 2015?,0.058,31.6557,31.7137,0.0,393.1436,12.4,43.6826,2025-11-26 23:35:21
phi4-mini:3.8b,country_income,question_11,What is the average of gini recalcuated score of Vietnam by year?,0.0643,24.499,24.5633,0.0,240.7433,9.8,26.7493,2025-11-26 23:35:46
phi4-mini:3.8b,country_income,question_12,Top 5 country that have highest gini recalulated in 2015,0.0641,70.4382,70.5023,0.0,814.8066,11.56,90.5341,2025-11-26 23:36:57
phi4-mini:3.8b,country_income,question_13,Top 5 country of which d1 category has highest net income in 2015,0.1038,44.3946,44.4984,0.0,471.5836,10.6,52.3981,2025-11-26 23:37:41
phi4-mini:3.8b,country_income,question_14,How many countries have gini recalculated lower than the world average in 2015?,0.065,40.6297,40.6947,0.0,402.2689,9.89,44.6966,2025-11-26 23:38:22
phi4-mini:3.8b,country_income,question_15,What is the average of d10 net income of Vietnam over years?,0.0617,18.7714,18.8331,0.0,164.4213,8.73,18.2691,2025-11-26 23:38:41
phi4-mini:3.8b,country_income,question_16,What is the total net income of d5 to d9 groups of Vietnam in 2015?,0.084,19.6389,19.7229,0.0,219.1302,11.11,24.3478,2025-11-26 23:39:01
phi4-mini:3.8b,country_income,question_17,What is the average gini recalculated score of top 5 countries having highest population in 2015?,0.0718,23.7757,23.8475,0.0,207.5899,8.7,23.0655,2025-11-26 23:39:25
phi4-mini:3.8b,country_income,question_18,Calculate the average gini of countries by region ID in 2015,0.0761,25.4382,25.5143,0.0,250.0892,9.8,27.7877,2025-11-26 23:39:51
phi4-mini:3.8b,country_income,question_19,What is the growth rate of gini recalculated of Vietnam for each year?,0.0647,38.3127,38.3774,0.0,300.9228,7.84,33.4358,2025-11-26 23:40:30
phi4-mini:3.8b,country_income,question_2,What is the net income of d10 category of US in 2015?,0.0615,14.3477,14.4092,0.0,127.4752,8.85,14.1639,2025-11-26 23:40:44
phi4-mini:3.8b,country_income,question_20,The average gini recalculated of the world in 2015,0.0484,14.1208,14.1692,0.0,113.0964,7.98,12.5662,2025-11-26 23:40:59
phi4-mini:3.8b,country_income,question_21,What is the ratio of net income of d10 to d1 group of Singapore in 2015?,0.0327,27.9326,27.9653,0.0,203.6615,7.28,22.629,2025-11-26 23:41:27
phi4-mini:3.8b,country_income,question_22,Vietnam released economic reformation policy named 'Doi Moi' from 1986 to 2000. Evaluate the effectiveness of the policy based on the gini score trend of the country in 2 phases: Before 1986 and after 1986,0.0439,62.2955,62.3394,0.0,526.2344,8.44,58.4705,2025-11-26 23:42:29
phi4-mini:3.8b,country_income,question_23,Analyze the trend of world's income inequality across region from 1967 to 2015.,0.0428,52.7664,52.8092,0.0,458.4302,8.68,50.9367,2025-11-26 23:43:22
phi4-mini:3.8b,country_income,question_24,Does higher gdp per capita posiviely correlated with high income inequality? Explain possible reasons,0.0429,48.053,48.0959,0.0,496.4199,10.32,55.1577,2025-11-26 23:44:11
phi4-mini:3.8b,country_income,question_25,The financial crisis happened in 2008. Evaluate the income inequality before and after the event in US.,0.0478,83.2149,83.2627,0.0,826.2084,9.92,91.8009,2025-11-26 23:45:34
phi4-mini:3.8b,country_income,question_26,Analyze the trend of income inequality and gdp per capita of Singapore from 1970 onward.,0.0678,19.4554,19.5232,0.0,170.4019,8.73,18.9336,2025-11-26 23:45:54
phi4-mini:3.8b,country_income,question_27,Does population affect income inequality? Analyze gini index of China through years to explain,0.0662,59.4278,59.494,0.0,552.0934,9.28,61.3437,2025-11-26 23:46:54
phi4-mini:3.8b,country_income,question_28,Comparing the gini index of China and US over years to evaluate which country has higher income inequality,0.0452,28.405,28.4502,0.0,204.8523,7.2,22.7614,2025-11-26 23:47:22
phi4-mini:3.8b,country_income,question_29,Which region ID has high income inequality? Explain reasons behind it,0.042,48.1395,48.1815,0.0,537.7315,11.16,59.7479,2025-11-26 23:48:11
phi4-mini:3.8b,country_income,question_3,What is the net income of d1 category of Thailand in 2009?,0.0626,24.47,24.5326,0.0,263.0817,10.72,29.2313,2025-11-26 23:48:35
phi4-mini:3.8b,country_income,question_30,"What are the common patterns can be observed from countries with high income inequality in 2015, knowing gini greater than 0.4 is considered as high inequality",0.0419,32.2617,32.3036,0.0,311.3653,9.64,34.5961,2025-11-26 23:49:08
phi4-mini:3.8b,country_income,question_31,"Evaluate the net income gap between low income group d1 to d4, middle income group d5 to d9 and high income group d10 in Vietnam and propose improvement plan",0.0596,82.1016,82.1612,0.0,844.5822,10.28,93.8424,2025-11-26 23:50:30
phi4-mini:3.8b,country_income,question_4,What is the net income of d10 group of Singapore in 1970?,0.0732,8.9304,9.0036,0.0,81.3424,9.03,9.0381,2025-11-26 23:50:40
phi4-mini:3.8b,country_income,question_5,What is the population of China in 2000?,0.0305,2.3422,2.3727,0.0,17.7605,7.49,1.9734,2025-11-26 23:50:42
phi4-mini:3.8b,country_income,question_6,What is the gdp per capita of Sweden in 2015?,0.0416,34.7529,34.7945,0.0,411.9085,11.84,45.7676,2025-11-26 23:51:17
phi4-mini:3.8b,country_income,question_7,Distinct list of region ID,0.0761,17.6075,17.6836,0.0,172.9368,9.78,19.2152,2025-11-26 23:51:35
phi4-mini:3.8b,country_income,question_8,All the countries have gini recalculated greater than 0.4 in 2015,0.0559,81.8653,81.9212,0.0,730.9257,8.92,81.2139,2025-11-26 23:52:57
phi4-mini:3.8b,country_income,question_9,"What is the gpd per capita, population and gini coefficient of Vietnam in 2010?",0.0492,35.5099,35.5591,0.0,339.9269,9.56,37.7697,2025-11-26 23:53:33
phi4-mini:3.8b,finance_economics,question_1,"The inflation rate of November 28, 2008",0.0636,15.2123,15.2759,0.0,133.3154,8.73,14.8128,2025-11-26 23:53:48
phi4-mini:3.8b,finance_economics,question_10,"The unemployment rate, interest rate, inflation rate, the date where Dow Jones has top trading volume",0.0427,39.8482,39.8909,0.0,320.9952,8.05,35.6662,2025-11-26 23:54:28
phi4-mini:3.8b,finance_economics,question_11,"Number of days which the closing price is higher than the open price of Dow Jones, S&P 500, NASDAQ",0.0457,42.3022,42.3479,0.0,418.6005,9.88,46.5112,2025-11-26 23:55:11
phi4-mini:3.8b,finance_economics,question_12,The annual consumer spending from 2000 to 2008,0.0441,9.4203,9.4644,0.0,65.7622,6.95,7.3069,2025-11-26 23:55:21
phi4-mini:3.8b,finance_economics,question_13,The annual growth rate of consumer confidence index from 2000 to 2008,0.03,45.4262,45.4562,0.0,427.2981,9.4,47.4776,2025-11-26 23:56:06
phi4-mini:3.8b,finance_economics,question_14,Ratio of days having negative gdp growth to total days,0.0528,9.2886,9.3414,0.0,78.8121,8.44,8.7569,2025-11-26 23:56:16
phi4-mini:3.8b,finance_economics,question_15,The average bankruptcy rate and M&A deals by year,0.032,22.4433,22.4753,0.0,174.4304,7.76,19.3811,2025-11-26 23:56:39
phi4-mini:3.8b,finance_economics,question_16,Number of days where the gdp growth is negative,0.0408,27.3923,27.4331,0.0,241.3933,8.8,26.8215,2025-11-26 23:57:06
phi4-mini:3.8b,finance_economics,question_17,"Average monthly trading volume of NASDAQ, S&P 500, Dow Jones",0.0468,41.9842,42.031,0.0,375.0284,8.92,41.6698,2025-11-26 23:57:49
phi4-mini:3.8b,finance_economics,question_18,Which year has the highest average consumer confidence index?,0.0479,52.2754,52.3233,0.0,648.8852,12.4,72.0984,2025-11-26 23:58:41
phi4-mini:3.8b,finance_economics,question_19,The annual average venture capital funding by year,0.06,42.7455,42.8055,0.0,219.2747,5.12,24.3638,2025-11-26 23:59:24
phi4-mini:3.8b,finance_economics,question_2,"The open price, close price, trading volume of Feb 20, 2000",0.0483,23.9815,24.0298,0.0,127.3276,5.3,14.1475,2025-11-26 23:59:48
phi4-mini:3.8b,finance_economics,question_20,The ratio of government debt to consumer spending by year,0.0444,52.5847,52.6291,0.0,341.0347,6.48,37.8928,2025-11-27 00:00:41
phi4-mini:3.8b,finance_economics,question_21,Average gold price by year,0.0547,45.2552,45.3099,0.0,259.1899,5.72,28.7989,2025-11-27 00:01:27
phi4-mini:3.8b,finance_economics,question_22,"2008 was the year of global financial crisis. Evaluate some indicators that signaled this recession, and propose a risk mitigation strategy for stock investing",0.047,43.9272,43.9742,0.0,223.4377,5.08,24.8264,2025-11-27 00:02:11
phi4-mini:3.8b,finance_economics,question_23,Does government debt effect GDP growth? Analyze the given data and recommend policymakers on how to create positive gdp growth,0.0391,44.0466,44.0857,0.0,218.845,4.96,24.3162,2025-11-27 00:02:55
phi4-mini:3.8b,finance_economics,question_24,Low interest rate leads to risky money flow into stock and consumer spending. Evaluate the data to verify the accuracy of this statement. ,0.0471,35.3838,35.4309,0.0,178.6414,5.04,19.849,2025-11-27 00:03:31
phi4-mini:3.8b,finance_economics,question_25,"Analyze the past performance of all the asset types, stock, commodity, real estate, forex and propose which type of asset is worth to invest in based on investors' risk apetite",0.0445,57.0177,57.0622,0.0,299.0967,5.24,33.233,2025-11-27 00:04:28
phi4-mini:3.8b,finance_economics,question_26,Evaluate the relationship between inflation rate and consumer spending,0.0379,44.1159,44.1538,0.0,228.1731,5.17,25.3526,2025-11-27 00:05:12
phi4-mini:3.8b,finance_economics,question_27,"Which stock indexes should investors invest in? Analyze NASDAQ, S&P 500, Dow Jones performances",0.0467,23.4955,23.5422,0.0,135.6477,5.76,15.0719,2025-11-27 00:05:36
phi4-mini:3.8b,finance_economics,question_28,"What is the relationship between interest rate, unemployment rate and corporate profits? Propose strategy for policymakers to promote corporate activities",0.0447,39.7843,39.829,0.0,194.494,4.88,21.6104,2025-11-27 00:06:16
phi4-mini:3.8b,finance_economics,question_29,"venture capital funding is private fundraising, wheras stock index activities is public fundraising. Which fundraising channel is more active in US, explain the reasons",0.0387,41.632,41.6707,0.0,213.465,5.12,23.7184,2025-11-27 00:06:58
phi4-mini:3.8b,finance_economics,question_3,"The gold price, crude oil price, real estate index of Jan 1, 2008",0.0481,23.852,23.9001,0.0,115.7957,4.84,12.8662,2025-11-27 00:07:22
phi4-mini:3.8b,finance_economics,question_30,"Recommend asset classes to invest when the USD currency is appreciated, and when it is depreciated",0.0457,20.4026,20.4483,0.0,108.0124,5.28,12.0014,2025-11-27 00:07:43
phi4-mini:3.8b,finance_economics,question_31,"When it is best to invest in real estate in terms of interest rate environment, stock performance and unemployment context?",0.0408,32.5434,32.5842,0.0,163.125,5.01,18.125,2025-11-27 00:08:16
phi4-mini:3.8b,finance_economics,question_4,"The consumer confidence index of 24 December, 2007",0.0424,31.2195,31.2619,0.0,156.4743,5.01,17.386,2025-11-27 00:08:47
phi4-mini:3.8b,finance_economics,question_5,"The date, stock index on which stock index reached the highest Daily High",0.0498,3.0129,3.0627,0.0,14.7996,4.83,1.6444,2025-11-27 00:08:50
phi4-mini:3.8b,finance_economics,question_6,"The date, gold price, crude oil price and gdp growth where unemployment rate reached the highest",0.0382,16.9528,16.991,0.0,89.1486,5.25,9.9054,2025-11-27 00:09:08
phi4-mini:3.8b,finance_economics,question_7,"The date, forex US/EUR, US/JPY where gdp growth is negative",0.0422,26.6664,26.7086,0.0,131.6108,4.93,14.6235,2025-11-27 00:09:35
phi4-mini:3.8b,finance_economics,question_8,The date where trading volumne is the largest,0.0497,8.7475,8.7972,0.0,43.4255,4.94,4.8251,2025-11-27 00:09:44
phi4-mini:3.8b,finance_economics,question_9,"The date, consumer confidence index, consumer spending where the bankruptcy rate is highest",0.0352,25.8267,25.8619,0.0,132.4397,5.12,14.7155,2025-11-27 00:10:10
phi4-mini:3.8b,global_development,question_1,What is the digital readiness score of South Asia in 2020?,0.0619,5.2488,5.3107,0.0,32.2298,6.07,3.5811,2025-11-27 00:10:15
phi4-mini:3.8b,global_development,question_10,What is the unemployment rate of US in 2020?,0.0303,10.275,10.3053,0.0,52.7684,5.12,5.8632,2025-11-27 00:10:26
phi4-mini:3.8b,global_development,question_11,To what extent has the world's GDP per capita grown between 2000 and 2020?,0.0317,18.0169,18.0486,0.0,90.9688,5.04,10.1077,2025-11-27 00:10:44
phi4-mini:3.8b,global_development,question_12,What is the average economic opportunity index of low and indebt countries?,0.0555,21.5278,21.5833,0.0,112.3773,5.21,12.4864,2025-11-27 00:11:06
phi4-mini:3.8b,global_development,question_13,How many countries has the gdp per capita lower than the world in 2019?,0.0584,18.2252,18.2836,0.0,142.8261,7.81,15.8695,2025-11-27 00:11:24
phi4-mini:3.8b,global_development,question_14,Which country has the highest health expenditure per capita in 2020?,0.0524,20.7249,20.7773,0.0,213.181,10.26,23.6868,2025-11-27 00:11:45
phi4-mini:3.8b,global_development,question_15,How many countries are in lower middle income group as in 2020?,0.0592,10.3273,10.3865,0.0,97.8371,9.42,10.8708,2025-11-27 00:11:56
phi4-mini:3.8b,global_development,question_16,What is the average digital readiness score of high income countries in 2019?,0.0257,22.8265,22.8522,0.0,215.112,9.41,23.9013,2025-11-27 00:12:19
phi4-mini:3.8b,global_development,question_17,Which country has the lowest global resilience score?,0.0505,18.7391,18.7896,0.0,187.9088,10.0,20.8787,2025-11-27 00:12:38
phi4-mini:3.8b,global_development,question_18,What is the highest energy per capita score in 2020? In which country,0.0443,34.9197,34.964,0.0,345.5586,9.88,38.3954,2025-11-27 00:13:13
phi4-mini:3.8b,global_development,question_19,What country has the longest period of deflation? Deflation is known as when the inflation is negative,0.052,9.6916,9.7436,0.0,91.0012,9.34,10.1112,2025-11-27 00:13:23
phi4-mini:3.8b,global_development,question_2,Country with the highest global development resilience score in 2020,0.0334,31.2481,31.2815,0.0,259.0978,8.28,28.7886,2025-11-27 00:13:55
phi4-mini:3.8b,global_development,question_20,Which country has the highest gdp per capita among lower middle income group?,0.0487,18.729,18.7777,0.0,180.883,9.63,20.0981,2025-11-27 00:14:14
phi4-mini:3.8b,global_development,question_21,Number of countries have higher economic opportunity than the world,0.0668,24.6204,24.6872,0.0,416.22,16.86,46.2467,2025-11-27 00:29:51
phi4-mini:3.8b,global_development,question_22,"Looking at the green transition score of all the countries and regions over the years, what is the common patterns?",0.1303,135.5939,135.7242,0.0,1320.0828,9.73,146.6759,2025-11-27 00:32:07
phi4-mini:3.8b,global_development,question_23,Explain for me the correlations of human development index and gdp per capita,0.0598,30.1216,30.1814,0.0,286.1651,9.48,31.7962,2025-11-27 00:32:38
phi4-mini:3.8b,global_development,question_24,Evaluate the differences in digital readiness of South Asia compared to Europe region,0.0455,16.6846,16.7301,0.0,160.6204,9.6,17.8467,2025-11-27 00:32:55
phi4-mini:3.8b,global_development,question_25,Is there any correlation between governance quality and digital readiness score of South Asia?,0.0602,22.5431,22.6033,0.0,227.9066,10.08,25.323,2025-11-27 00:49:03
phi4-mini:3.8b,global_development,question_26,Does the school enrolment in secondary affect the HDI in South Asia?,0.0424,37.6661,37.7085,0.0,289.7814,7.68,32.1979,2025-11-27 00:49:40
phi4-mini:3.8b,global_development,question_27,What is the relationship of the FDI percentage of gdp and economic grow in middle and low income group?,0.0615,43.179,43.2405,0.0,379.0159,8.77,42.1129,2025-11-27 01:06:14
phi4-mini:3.8b,global_development,question_28,"Compare the economic opportunity index of high income, middlie income groups and the world",0.0613,31.458,31.5193,0.0,270.8335,8.59,30.0926,2025-11-27 01:23:48
phi4-mini:3.8b,global_development,question_29,Is the weather vulnerability related to the child mortality in high income country?,0.0715,5.4381,5.5096,0.0,31.4322,5.7,3.4925,2025-11-27 01:23:53
phi4-mini:3.8b,global_development,question_3,What is the human development index score of Vietnam in 2019?,0.0463,4.9335,4.9798,0.0,24.1691,4.85,2.6854,2025-11-27 01:23:59
phi4-mini:3.8b,global_development,question_30,Do countries with high weather vulnerability score have higher green transition scores? Explain for me the implication,0.0279,48.982,49.0099,0.0,364.609,7.44,40.5121,2025-11-27 01:41:15
phi4-mini:3.8b,global_development,question_31,What is the relationship between unemployment rate and inflation of US through years?,0.0552,25.7095,25.7647,0.0,216.3614,8.4,24.0401,2025-11-27 01:56:50
phi4-mini:3.8b,global_development,question_4,What is the inflation rate of Vietnam in 2009?,0.0469,29.2631,29.31,0.0,185.4536,6.33,20.6059,2025-11-27 01:57:19
phi4-mini:3.8b,global_development,question_5,What is the unemployment rate of Europe region in 2008?,0.0592,8.7872,8.8464,0.0,40.1705,4.54,4.4634,2025-11-27 01:57:28
phi4-mini:3.8b,global_development,question_6,What is the life expectancy of Japan in 2020?,0.0331,28.1496,28.1827,0.0,139.7795,4.96,15.5311,2025-11-27 01:57:57
phi4-mini:3.8b,global_development,question_7,What is the economic opportunity index of indebt countries group in 2020?,0.0536,10.4971,10.5507,0.0,60.9163,5.77,6.7685,2025-11-27 01:58:08
phi4-mini:3.8b,global_development,question_8,What is the gpd per capita of OECD group in 2019?,0.0337,7.2069,7.2406,0.0,31.8602,4.4,3.54,2025-11-27 01:58:15
phi4-mini:3.8b,global_development,question_9,What is the green transition score of lower middle income group in 2020?,0.03,20.6061,20.6361,0.0,104.0636,5.04,11.5626,2025-11-27 01:58:36
phi4-mini:3.8b,happiness_record,question_1,What is the positive affect of US in 2008?,0.0435,16.0259,16.0694,0.0,75.8704,4.72,8.43,2025-11-27 01:58:52
phi4-mini:3.8b,happiness_record,question_10,What is the Confidence In National Government of Singapore in 2022?,0.0384,28.9087,28.9471,0.0,133.2583,4.6,14.8065,2025-11-27 01:59:21
phi4-mini:3.8b,happiness_record,question_11,What is the average positive affect of all countries in 2008?,0.0448,75.8952,75.94,0.0,373.6069,4.92,41.5119,2025-11-27 02:00:38
phi4-mini:3.8b,happiness_record,question_12,What is the average life ladder of Asia countries in 2022?,0.0422,14.7621,14.8043,0.0,70.6191,4.77,7.8465,2025-11-27 02:00:53
phi4-mini:3.8b,happiness_record,question_13,Which country has the highest average long gdp per capita through years?,0.0317,35.4114,35.4431,0.0,167.2877,4.72,18.5875,2025-11-27 02:01:28
phi4-mini:3.8b,happiness_record,question_14,Which country has the lowest average social support score over years?,0.0445,15.5237,15.5682,0.0,75.3986,4.84,8.3776,2025-11-27 02:01:44
phi4-mini:3.8b,happiness_record,question_15,What is the average Healthy Life Expectancy At Birth of the world after 2020? ,0.0433,17.8434,17.8867,0.0,100.3177,5.61,11.1464,2025-11-27 02:02:02
phi4-mini:3.8b,happiness_record,question_16,Which country has the highest freedom to make choices index? What region is it from? ,0.0503,8.7465,8.7968,0.0,42.6054,4.84,4.7339,2025-11-27 02:02:11
phi4-mini:3.8b,happiness_record,question_17,How many countries have higher average generiosity over years compared to the world' average?,0.0322,21.1194,21.1516,0.0,99.0308,4.68,11.0034,2025-11-27 02:02:32
phi4-mini:3.8b,happiness_record,question_18,Which region has the highest average perceptions of corruption?,0.0506,14.7544,14.805,0.0,69.3924,4.69,7.7103,2025-11-27 02:02:47
phi4-mini:3.8b,happiness_record,question_19,Which country has the highest average negative affect in 2022? ,0.0343,19.432,19.4663,0.0,97.3476,5.0,10.8164,2025-11-27 02:03:07
phi4-mini:3.8b,happiness_record,question_2,What is the life ladder of Vietnam in 2022?,0.044,23.4274,23.4714,0.0,106.1221,4.52,11.7914,2025-11-27 02:03:31
phi4-mini:3.8b,happiness_record,question_20,What is the average Confidence In National Government score of Vietnam over years?,0.0462,14.0021,14.0483,0.0,66.9938,4.77,7.4438,2025-11-27 02:03:45
phi4-mini:3.8b,happiness_record,question_21,What are the countries having confidence in national goverment higher than world average in 2022?,0.0404,17.2273,17.2677,0.0,81.5233,4.72,9.0582,2025-11-27 02:04:03
phi4-mini:3.8b,happiness_record,question_22,Interpret for me the current trend in positive affect of the world from 2008 to 2022?,0.0417,39.6153,39.657,0.0,187.1912,4.72,20.799,2025-11-27 02:04:43
phi4-mini:3.8b,happiness_record,question_23,Comparing the life ladder of Asia and Europe to tell me which region is worth to live?,0.0445,49.49,49.5345,0.0,240.0285,4.85,26.6698,2025-11-27 02:05:32
phi4-mini:3.8b,happiness_record,question_24,Are countries with higher long gdp per capita likely to have higher positive effect over years? Comparing the data to evaluate ,0.0436,39.3076,39.3512,0.0,179.5358,4.56,19.9484,2025-11-27 02:06:12
phi4-mini:3.8b,happiness_record,question_25,Does lack of social support lead to higher negative affect over years? ,0.0431,24.0866,24.1297,0.0,129.3351,5.36,14.3706,2025-11-27 02:06:36
phi4-mini:3.8b,happiness_record,question_26,"Analyze the trend of Healthy Life Expectancy At Birth by region (Asia, Europe, North America)",0.0484,20.7324,20.7808,0.0,111.4217,5.36,12.3802,2025-11-27 02:06:57
phi4-mini:3.8b,happiness_record,question_27,Evaluate for me the relationship between freedom to make choices and positive affect of Asia and North America countries. Explain the reasons.,0.0612,19.4874,19.5486,0.0,93.9828,4.81,10.4426,2025-11-27 02:07:17
phi4-mini:3.8b,happiness_record,question_28,What is the current movement of generiosity of Asian countries over years? Explain the reasons.,0.0492,26.45,26.4992,0.0,128.3822,4.84,14.2647,2025-11-27 02:07:44
phi4-mini:3.8b,happiness_record,question_29,What is the relationship of percptions of corruption and confidence in national government?,0.0492,38.9019,38.9511,0.0,183.9634,4.72,20.4404,2025-11-27 02:08:23
phi4-mini:3.8b,happiness_record,question_3,What is the long GDP per capita of China in 2009?,0.0485,653.7305,653.779,0.0,3164.4539,4.84,351.606,2025-11-27 02:19:17
phi4-mini:3.8b,happiness_record,question_30,Do high long gdp per capita countries have higher negative affects? Explain the results.,0.059,46.1259,46.1849,0.0,219.8755,4.76,24.4306,2025-11-27 02:20:03
phi4-mini:3.8b,happiness_record,question_31,How differences in Confidence In National Government score comparing all the regions? Evaluate the importance of governance trust on positive affects.,0.0442,28.9683,29.0125,0.0,139.3821,4.8,15.4869,2025-11-27 02:20:32
phi4-mini:3.8b,happiness_record,question_4,What is the social support index of Germany in 2008?,0.0572,8.4192,8.4764,0.0,37.5023,4.42,4.167,2025-11-27 02:20:41
phi4-mini:3.8b,happiness_record,question_5,What is the Healthy Life Expectancy At Birth of Japan in 2020?,0.0357,90.0556,90.0913,0.0,443.2324,4.92,49.248,2025-11-27 02:22:11
phi4-mini:3.8b,happiness_record,question_6,What is the Freedom To Make Life Choices of Vietnam in 2018?,0.0485,22.6364,22.6849,0.0,108.0867,4.76,12.0096,2025-11-27 02:22:34
phi4-mini:3.8b,happiness_record,question_7,What is the generiosity score of Singapore in 2022?,0.0526,20.2297,20.2823,0.0,95.4026,4.7,10.6003,2025-11-27 02:22:55
phi4-mini:3.8b,happiness_record,question_8,What is the Perceptions Of Corruption of Ecuador in 2008?,0.0607,335.5423,335.603,0.0,1610.9404,4.8,178.9934,2025-11-27 02:28:31
phi4-mini:3.8b,happiness_record,question_9,What is the negative affect of Japan in 2022?,0.0597,33.6112,33.6709,0.0,160.402,4.76,17.8225,2025-11-27 02:29:05
qwen2.5:3b,country_income,question_1,What is the gini recalculated of Vietnam in 2015?,0.0745,10.019,10.0935,0.0,61.0718,6.05,6.7857,2025-11-27 02:29:15
qwen2.5:3b,country_income,question_10,What is the net income of each category of Vietnam in 2015?,0.0493,4.241,4.2903,0.0,18.631,4.34,2.0701,2025-11-27 02:29:19
qwen2.5:3b,country_income,question_11,What is the average of gini recalcuated score of Vietnam by year?,0.0327,15.6494,15.6821,0.0,79.691,5.08,8.8546,2025-11-27 02:29:35
qwen2.5:3b,country_income,question_12,Top 5 country that have highest gini recalulated in 2015,0.0805,15.8644,15.9449,0.0,82.4203,5.17,9.1578,2025-11-27 02:29:52
qwen2.5:3b,country_income,question_13,Top 5 country of which d1 category has highest net income in 2015,0.0743,5.9369,6.0112,0.0,26.3364,4.38,2.9263,2025-11-27 02:29:58
qwen2.5:3b,country_income,question_14,How many countries have gini recalculated lower than the world average in 2015?,0.0633,2.3956,2.4589,0.0,11.9798,4.87,1.3311,2025-11-27 02:30:00
qwen2.5:3b,country_income,question_15,What is the average of d10 net income of Vietnam over years?,0.0515,3.836,3.8875,0.0,23.2761,5.99,2.5863,2025-11-27 02:30:05
qwen2.5:3b,country_income,question_16,What is the total net income of d5 to d9 groups of Vietnam in 2015?,0.0605,4.2876,4.3481,0.0,19.6319,4.52,2.1813,2025-11-27 02:30:09
qwen2.5:3b,country_income,question_17,What is the average gini recalculated score of top 5 countries having highest population in 2015?,0.0305,13.551,13.5815,0.0,70.0988,5.16,7.7888,2025-11-27 02:30:23
qwen2.5:3b,country_income,question_18,Calculate the average gini of countries by region ID in 2015,0.0473,45.6079,45.6552,0.0,211.9288,4.64,23.5476,2025-11-27 02:31:09
qwen2.5:3b,country_income,question_19,What is the growth rate of gini recalculated of Vietnam for each year?,0.0787,5.0017,5.0804,0.0,22.6371,4.46,2.5153,2025-11-27 02:31:14
qwen2.5:3b,country_income,question_2,What is the net income of d10 category of US in 2015?,0.0335,6.5519,6.5854,0.0,28.7594,4.37,3.1955,2025-11-27 02:31:21
qwen2.5:3b,country_income,question_20,The average gini recalculated of the world in 2015,0.0603,2.504,2.5643,0.0,16.5479,6.45,1.8386,2025-11-27 02:31:24
qwen2.5:3b,country_income,question_21,What is the ratio of net income of d10 to d1 group of Singapore in 2015?,0.054,3.9876,4.0416,0.0,17.9663,4.45,1.9962,2025-11-27 02:31:28
qwen2.5:3b,country_income,question_22,Vietnam released economic reformation policy named 'Doi Moi' from 1986 to 2000. Evaluate the effectiveness of the policy based on the gini score trend of the country in 2 phases: Before 1986 and after 1986,0.0298,26.8574,26.8872,0.0,135.6423,5.04,15.0714,2025-11-27 02:31:55
qwen2.5:3b,country_income,question_23,Analyze the trend of world's income inequality across region from 1967 to 2015.,0.1198,48.0851,48.2049,0.0,238.0831,4.94,26.4537,2025-11-27 02:32:43
qwen2.5:3b,country_income,question_24,Does higher gdp per capita posiviely correlated with high income inequality? Explain possible reasons,0.0555,24.9623,25.0178,0.0,120.1831,4.8,13.3536,2025-11-27 02:33:09
qwen2.5:3b,country_income,question_25,The financial crisis happened in 2008. Evaluate the income inequality before and after the event in US.,0.0705,6.6687,6.7392,0.0,35.2018,5.22,3.9113,2025-11-27 02:33:16
qwen2.5:3b,country_income,question_26,Analyze the trend of income inequality and gdp per capita of Singapore from 1970 onward.,0.0509,4.2907,4.3416,0.0,19.4992,4.49,2.1666,2025-11-27 02:33:20
qwen2.5:3b,country_income,question_27,Does population affect income inequality? Analyze gini index of China through years to explain,0.0311,16.3852,16.4163,0.0,78.1578,4.76,8.6842,2025-11-27 02:33:37
qwen2.5:3b,country_income,question_28,Comparing the gini index of China and US over years to evaluate which country has higher income inequality,0.0691,8.7022,8.7713,0.0,42.8401,4.88,4.76,2025-11-27 02:33:46
qwen2.5:3b,country_income,question_29,Which region ID has high income inequality? Explain reasons behind it,0.0433,9.9689,10.0122,0.0,46.7767,4.67,5.1974,2025-11-27 02:33:56
qwen2.5:3b,country_income,question_3,What is the net income of d1 category of Thailand in 2009?,0.0372,6.9431,6.9803,0.0,37.3683,5.35,4.152,2025-11-27 02:34:03
qwen2.5:3b,country_income,question_30,"What are the common patterns can be observed from countries with high income inequality in 2015, knowing gini greater than 0.4 is considered as high inequality",0.0427,20.3204,20.3631,0.0,92.9663,4.57,10.3296,2025-11-27 02:34:24
qwen2.5:3b,country_income,question_31,"Evaluate the net income gap between low income group d1 to d4, middle income group d5 to d9 and high income group d10 in Vietnam and propose improvement plan",0.0541,23.5717,23.6258,0.0,108.7435,4.6,12.0826,2025-11-27 02:34:48
qwen2.5:3b,country_income,question_4,What is the net income of d10 group of Singapore in 1970?,0.043,8.7303,8.7733,0.0,43.5277,4.96,4.8364,2025-11-27 02:34:57
qwen2.5:3b,country_income,question_5,What is the population of China in 2000?,0.0476,2.7242,2.7718,0.0,13.3966,4.83,1.4885,2025-11-27 02:35:00
qwen2.5:3b,country_income,question_6,What is the gdp per capita of Sweden in 2015?,0.0383,10.1386,10.1769,0.0,50.0856,4.92,5.565,2025-11-27 02:35:10
qwen2.5:3b,country_income,question_7,Distinct list of region ID,0.0628,12.0801,12.1429,0.0,59.3751,4.89,6.5973,2025-11-27 02:35:22
qwen2.5:3b,country_income,question_8,All the countries have gini recalculated greater than 0.4 in 2015,0.0328,21.0946,21.1274,0.0,96.51,4.57,10.7233,2025-11-27 02:35:44
qwen2.5:3b,country_income,question_9,"What is the gpd per capita, population and gini coefficient of Vietnam in 2010?",0.0593,3.683,3.7423,0.0,16.6968,4.46,1.8552,2025-11-27 02:35:48
qwen2.5:3b,finance_economics,question_1,"The inflation rate of November 28, 2008",0.0339,5.3411,5.375,0.0,23.9269,4.45,2.6585,2025-11-27 02:35:53
qwen2.5:3b,finance_economics,question_10,"The unemployment rate, interest rate, inflation rate, the date where Dow Jones has top trading volume",0.0287,40.5445,40.5732,0.0,188.3261,4.64,20.9252,2025-11-27 02:36:34
qwen2.5:3b,finance_economics,question_11,"Number of days which the closing price is higher than the open price of Dow Jones, S&P 500, NASDAQ",0.0466,14.3104,14.357,0.0,66.6556,4.64,7.4062,2025-11-27 02:36:49
qwen2.5:3b,finance_economics,question_12,The annual consumer spending from 2000 to 2008,0.0345,16.44,16.4745,0.0,96.8286,5.88,10.7588,2025-11-27 02:37:05
qwen2.5:3b,finance_economics,question_13,The annual growth rate of consumer confidence index from 2000 to 2008,0.0382,6.9953,7.0335,0.0,31.2804,4.45,3.4756,2025-11-27 02:37:13
qwen2.5:3b,finance_economics,question_14,Ratio of days having negative gdp growth to total days,0.0343,4.9817,5.016,0.0,27.6952,5.52,3.0773,2025-11-27 02:37:18
qwen2.5:3b,finance_economics,question_15,The average bankruptcy rate and M&A deals by year,0.033,29.5405,29.5735,0.0,137.2331,4.64,15.2481,2025-11-27 02:37:48
qwen2.5:3b,finance_economics,question_16,Number of days where the gdp growth is negative,0.0443,1.4276,1.4719,0.0,6.9932,4.75,0.777,2025-11-27 02:37:49
qwen2.5:3b,finance_economics,question_17,"Average monthly trading volume of NASDAQ, S&P 500, Dow Jones",0.0319,6.0074,6.0393,0.0,25.9574,4.3,2.8841,2025-11-27 02:37:56
qwen2.5:3b,finance_economics,question_18,Which year has the highest average consumer confidence index?,0.0304,3.2119,3.2423,0.0,14.9705,4.62,1.6634,2025-11-27 02:37:59
qwen2.5:3b,finance_economics,question_19,The annual average venture capital funding by year,0.0321,9.6002,9.6323,0.0,47.7569,4.96,5.3063,2025-11-27 02:38:09
qwen2.5:3b,finance_economics,question_2,"The open price, close price, trading volume of Feb 20, 2000",0.0295,23.3902,23.4197,0.0,106.8576,4.56,11.8731,2025-11-27 02:38:33
qwen2.5:3b,finance_economics,question_20,The ratio of government debt to consumer spending by year,0.0433,31.976,32.0193,0.0,146.131,4.56,16.2368,2025-11-27 02:39:05
qwen2.5:3b,finance_economics,question_21,Average gold price by year,0.0456,5.6868,5.7324,0.0,32.8421,5.73,3.6491,2025-11-27 02:39:11
qwen2.5:3b,finance_economics,question_22,"2008 was the year of global financial crisis. Evaluate some indicators that signaled this recession, and propose a risk mitigation strategy for stock investing",0.0346,89.0181,89.0527,0.0,409.7237,4.6,45.5248,2025-11-27 02:40:40
qwen2.5:3b,finance_economics,question_23,Does government debt effect GDP growth? Analyze the given data and recommend policymakers on how to create positive gdp growth,0.0458,24.8037,24.8495,0.0,120.4601,4.85,13.3845,2025-11-27 02:41:05
qwen2.5:3b,finance_economics,question_24,Low interest rate leads to risky money flow into stock and consumer spending. Evaluate the data to verify the accuracy of this statement. ,0.0431,13.2783,13.3214,0.0,62.3267,4.68,6.9252,2025-11-27 02:41:19
qwen2.5:3b,finance_economics,question_25,"Analyze the past performance of all the asset types, stock, commodity, real estate, forex and propose which type of asset is worth to invest in based on investors' risk apetite",0.0326,11.0304,11.063,0.0,50.4131,4.56,5.6014,2025-11-27 02:41:30
qwen2.5:3b,finance_economics,question_26,Evaluate the relationship between inflation rate and consumer spending,0.0291,22.7919,22.821,0.0,106.0107,4.65,11.779,2025-11-27 02:41:53
qwen2.5:3b,finance_economics,question_27,"Which stock indexes should investors invest in? Analyze NASDAQ, S&P 500, Dow Jones performances",0.0519,24.0868,24.1387,0.0,129.4707,5.36,14.3856,2025-11-27 02:42:17
qwen2.5:3b,finance_economics,question_28,"What is the relationship between interest rate, unemployment rate and corporate profits? Propose strategy for policymakers to promote corporate activities",0.0535,40.0829,40.1364,0.0,192.843,4.8,21.427,2025-11-27 02:42:58
qwen2.5:3b,finance_economics,question_29,"venture capital funding is private fundraising, wheras stock index activities is public fundraising. Which fundraising channel is more active in US, explain the reasons",0.0447,28.2621,28.3068,0.0,137.0697,4.84,15.2299,2025-11-27 02:43:26
qwen2.5:3b,finance_economics,question_3,"The gold price, crude oil price, real estate index of Jan 1, 2008",0.0437,4.7868,4.8305,0.0,21.6878,4.49,2.4098,2025-11-27 02:43:31
qwen2.5:3b,finance_economics,question_30,"Recommend asset classes to invest when the USD currency is appreciated, and when it is depreciated",0.0352,19.4965,19.5317,0.0,89.0393,4.56,9.8932,2025-11-27 02:43:51
qwen2.5:3b,finance_economics,question_31,"When it is best to invest in real estate in terms of interest rate environment, stock performance and unemployment context?",0.0458,60.0043,60.0501,0.0,276.2685,4.6,30.6965,2025-11-27 02:44:51
qwen2.5:3b,finance_economics,question_4,"The consumer confidence index of 24 December, 2007",0.0514,2.6724,2.7238,0.0,12.27,4.5,1.3634,2025-11-27 02:44:54
qwen2.5:3b,finance_economics,question_5,"The date, stock index on which stock index reached the highest Daily High",0.0362,2.3502,2.3864,0.0,10.6319,4.46,1.1813,2025-11-27 02:44:57
qwen2.5:3b,finance_economics,question_6,"The date, gold price, crude oil price and gdp growth where unemployment rate reached the highest",0.0377,10.0609,10.0986,0.0,56.1,5.56,6.2333,2025-11-27 02:45:07
qwen2.5:3b,finance_economics,question_7,"The date, forex US/EUR, US/JPY where gdp growth is negative",0.0348,13.408,13.4428,0.0,61.8789,4.6,6.8754,2025-11-27 02:45:21
qwen2.5:3b,finance_economics,question_8,The date where trading volumne is the largest,0.0368,1.9386,1.9754,0.0,9.6984,4.91,1.0776,2025-11-27 02:45:23
qwen2.5:3b,finance_economics,question_9,"The date, consumer confidence index, consumer spending where the bankruptcy rate is highest",0.0352,2.691,2.7262,0.0,12.0046,4.4,1.3339,2025-11-27 02:45:26
qwen2.5:3b,global_development,question_1,What is the digital readiness score of South Asia in 2020?,0.0397,1.9325,1.9722,0.0,9.6189,4.88,1.0688,2025-11-27 02:45:28
qwen2.5:3b,global_development,question_10,What is the unemployment rate of US in 2020?,0.0355,4.8307,4.8662,0.0,27.0132,5.55,3.0015,2025-11-27 02:45:33
qwen2.5:3b,global_development,question_11,To what extent has the world's GDP per capita grown between 2000 and 2020?,0.0349,9.6339,9.6688,0.0,41.8136,4.32,4.646,2025-11-27 02:45:43
qwen2.5:3b,global_development,question_12,What is the average economic opportunity index of low and indebt countries?,0.0356,5.3354,5.371,0.0,29.1612,5.43,3.2401,2025-11-27 02:45:49
qwen2.5:3b,global_development,question_13,How many countries has the gdp per capita lower than the world in 2019?,0.0364,7.4563,7.4927,0.0,33.3142,4.45,3.7016,2025-11-27 02:45:56
qwen2.5:3b,global_development,question_14,Which country has the highest health expenditure per capita in 2020?,0.0299,5.7097,5.7396,0.0,30.1037,5.24,3.3449,2025-11-27 02:46:02
qwen2.5:3b,global_development,question_15,How many countries are in lower middle income group as in 2020?,0.0391,2.4436,2.4827,0.0,12.6738,5.1,1.4082,2025-11-27 02:46:05
qwen2.5:3b,global_development,question_16,What is the average digital readiness score of high income countries in 2019?,0.034,2.0572,2.0912,0.0,9.224,4.41,1.0249,2025-11-27 02:46:07
qwen2.5:3b,global_development,question_17,Which country has the lowest global resilience score?,0.0371,1.615,1.6521,0.0,7.6658,4.64,0.8517,2025-11-27 02:46:09
qwen2.5:3b,global_development,question_18,What is the highest energy per capita score in 2020? In which country,0.0316,11.0773,11.1089,0.0,55.0877,4.96,6.1208,2025-11-27 02:46:21
qwen2.5:3b,global_development,question_19,What country has the longest period of deflation? Deflation is known as when the inflation is negative,0.0382,2.0724,2.1106,0.0,9.6474,4.57,1.0719,2025-11-27 02:46:23
qwen2.5:3b,global_development,question_2,Country with the highest global development resilience score in 2020,0.033,5.4048,5.4378,0.0,42.7719,7.87,4.7525,2025-11-27 02:46:29
qwen2.5:3b,global_development,question_20,Which country has the highest gdp per capita among lower middle income group?,0.0392,4.6675,4.7067,0.0,42.288,8.98,4.6986,2025-11-27 02:46:34
qwen2.5:3b,global_development,question_21,Number of countries have higher economic opportunity than the world,0.0367,7.7383,7.775,0.0,53.9346,6.94,5.9928,2025-11-27 02:46:42
qwen2.5:3b,global_development,question_22,"Looking at the green transition score of all the countries and regions over the years, what is the common patterns?",0.0307,7.9325,7.9632,0.0,36.0674,4.53,4.0075,2025-11-27 02:46:50
qwen2.5:3b,global_development,question_23,Explain for me the correlations of human development index and gdp per capita,0.0363,41.1986,41.2349,0.0,203.0576,4.92,22.562,2025-11-27 02:47:31
qwen2.5:3b,global_development,question_24,Evaluate the differences in digital readiness of South Asia compared to Europe region,0.0479,5.1929,5.2408,0.0,23.2036,4.43,2.5782,2025-11-27 02:47:37
qwen2.5:3b,global_development,question_25,Is there any correlation between governance quality and digital readiness score of South Asia?,0.0426,17.6127,17.6553,0.0,95.3161,5.4,10.5907,2025-11-27 02:47:55
qwen2.5:3b,global_development,question_26,Does the school enrolment in secondary affect the HDI in South Asia?,0.0511,6.0836,6.1347,0.0,28.1638,4.59,3.1293,2025-11-27 02:48:01
qwen2.5:3b,global_development,question_27,What is the relationship of the FDI percentage of gdp and economic grow in middle and low income group?,0.0369,11.2917,11.3286,0.0,54.0189,4.77,6.0021,2025-11-27 02:48:12
qwen2.5:3b,global_development,question_28,"Compare the economic opportunity index of high income, middlie income groups and the world",0.0318,5.5779,5.6097,0.0,25.3583,4.52,2.8176,2025-11-27 02:48:18
qwen2.5:3b,global_development,question_29,Is the weather vulnerability related to the child mortality in high income country?,0.0333,8.4511,8.4844,0.0,42.8156,5.05,4.7573,2025-11-27 02:48:27
qwen2.5:3b,global_development,question_3,What is the human development index score of Vietnam in 2019?,0.0372,1.9065,1.9437,0.0,9.4764,4.88,1.0529,2025-11-27 02:48:29
qwen2.5:3b,global_development,question_30,Do countries with high weather vulnerability score have higher green transition scores? Explain for me the implication,0.0296,15.0565,15.0861,0.0,70.6218,4.68,7.8469,2025-11-27 02:48:44
qwen2.5:3b,global_development,question_31,What is the relationship between unemployment rate and inflation of US through years?,0.0513,10.8336,10.8849,0.0,47.6182,4.37,5.291,2025-11-27 02:48:56
qwen2.5:3b,global_development,question_4,What is the inflation rate of Vietnam in 2009?,0.0348,1.7955,1.8303,0.0,8.2112,4.49,0.9124,2025-11-27 02:48:58
qwen2.5:3b,global_development,question_5,What is the unemployment rate of Europe region in 2008?,0.0291,3.0947,3.1238,0.0,18.9297,6.06,2.1033,2025-11-27 02:49:01
qwen2.5:3b,global_development,question_6,What is the life expectancy of Japan in 2020?,0.0361,1.6378,1.6739,0.0,7.7072,4.6,0.8564,2025-11-27 02:49:03
qwen2.5:3b,global_development,question_7,What is the economic opportunity index of indebt countries group in 2020?,0.0287,3.3917,3.4204,0.0,15.4247,4.51,1.7138,2025-11-27 02:49:06
qwen2.5:3b,global_development,question_8,What is the gpd per capita of OECD group in 2019?,0.0307,4.4117,4.4424,0.0,19.268,4.34,2.1409,2025-11-27 02:49:11
qwen2.5:3b,global_development,question_9,What is the green transition score of lower middle income group in 2020?,0.0372,4.1678,4.205,0.0,24.2372,5.76,2.693,2025-11-27 02:49:16
qwen2.5:3b,happiness_record,question_1,What is the positive affect of US in 2008?,0.0321,5.1998,5.2319,0.0,22.8702,4.37,2.5411,2025-11-27 02:49:21
qwen2.5:3b,happiness_record,question_10,What is the Confidence In National Government of Singapore in 2022?,0.0332,4.5504,4.5836,0.0,22.2773,4.86,2.4753,2025-11-27 02:49:26
qwen2.5:3b,happiness_record,question_11,What is the average positive affect of all countries in 2008?,0.0347,6.3865,6.4212,0.0,33.6416,5.24,3.738,2025-11-27 02:49:32
qwen2.5:3b,happiness_record,question_12,What is the average life ladder of Asia countries in 2022?,0.0317,2.5669,2.5986,0.0,11.6352,4.48,1.2928,2025-11-27 02:49:35
qwen2.5:3b,happiness_record,question_13,Which country has the highest average long gdp per capita through years?,0.0344,6.912,6.9464,0.0,33.3205,4.8,3.7023,2025-11-27 02:49:42
qwen2.5:3b,happiness_record,question_14,Which country has the lowest average social support score over years?,0.0342,1.5382,1.5724,0.0,7.4969,4.77,0.833,2025-11-27 02:49:44
qwen2.5:3b,happiness_record,question_15,What is the average Healthy Life Expectancy At Birth of the world after 2020? ,0.0332,3.3611,3.3943,0.0,22.051,6.5,2.4501,2025-11-27 02:49:48
qwen2.5:3b,happiness_record,question_16,Which country has the highest freedom to make choices index? What region is it from? ,0.0419,2.6552,2.6971,0.0,12.7625,4.73,1.418,2025-11-27 02:49:51
qwen2.5:3b,happiness_record,question_17,How many countries have higher average generiosity over years compared to the world' average?,0.0316,2.2903,2.3219,0.0,10.3947,4.48,1.155,2025-11-27 02:49:53
qwen2.5:3b,happiness_record,question_18,Which region has the highest average perceptions of corruption?,0.0319,2.5159,2.5478,0.0,11.6994,4.59,1.2999,2025-11-27 02:49:56
qwen2.5:3b,happiness_record,question_19,Which country has the highest average negative affect in 2022? ,0.0361,4.0117,4.0478,0.0,19.3177,4.77,2.1464,2025-11-27 02:50:00
qwen2.5:3b,happiness_record,question_2,What is the life ladder of Vietnam in 2022?,0.0381,5.8753,5.9134,0.0,31.7371,5.37,3.5264,2025-11-27 02:50:06
qwen2.5:3b,happiness_record,question_20,What is the average Confidence In National Government score of Vietnam over years?,0.0278,1.8498,1.8776,0.0,8.8207,4.7,0.9801,2025-11-27 02:50:09
qwen2.5:3b,happiness_record,question_21,What are the countries having confidence in national goverment higher than world average in 2022?,0.0435,2.7752,2.8187,0.0,12.5065,4.44,1.3896,2025-11-27 02:50:12
qwen2.5:3b,happiness_record,question_22,Interpret for me the current trend in positive affect of the world from 2008 to 2022?,0.0298,13.8269,13.8567,0.0,63.7645,4.6,7.085,2025-11-27 02:50:26
qwen2.5:3b,happiness_record,question_23,Comparing the life ladder of Asia and Europe to tell me which region is worth to live?,0.0373,11.0205,11.0578,0.0,53.935,4.88,5.9927,2025-11-27 02:50:37
qwen2.5:3b,happiness_record,question_24,Are countries with higher long gdp per capita likely to have higher positive effect over years? Comparing the data to evaluate ,0.0339,27.3048,27.3387,0.0,121.357,4.44,13.4841,2025-11-27 02:51:05
qwen2.5:3b,happiness_record,question_25,Does lack of social support lead to higher negative affect over years? ,0.0425,14.475,14.5175,0.0,66.3411,4.57,7.3712,2025-11-27 02:51:19
qwen2.5:3b,happiness_record,question_26,"Analyze the trend of Healthy Life Expectancy At Birth by region (Asia, Europe, North America)",0.0357,5.1974,5.2331,0.0,27.8076,5.31,3.0898,2025-11-27 02:51:25
qwen2.5:3b,happiness_record,question_27,Evaluate for me the relationship between freedom to make choices and positive affect of Asia and North America countries. Explain the reasons.,0.0296,23.8076,23.8372,0.0,107.7903,4.52,11.9767,2025-11-27 02:51:49
qwen2.5:3b,happiness_record,question_28,What is the current movement of generiosity of Asian countries over years? Explain the reasons.,0.0443,8.8943,8.9386,0.0,44.3972,4.97,4.933,2025-11-27 02:51:58
qwen2.5:3b,happiness_record,question_29,What is the relationship of percptions of corruption and confidence in national government?,0.0394,26.7128,26.7522,0.0,121.188,4.53,13.4654,2025-11-27 02:52:25
qwen2.5:3b,happiness_record,question_3,What is the long GDP per capita of China in 2009?,0.0429,7.3883,7.4312,0.0,39.2621,5.28,4.3624,2025-11-27 02:52:33
qwen2.5:3b,happiness_record,question_30,Do high long gdp per capita countries have higher negative affects? Explain the results.,0.0366,11.5179,11.5545,0.0,67.882,5.87,7.5424,2025-11-27 02:52:44
qwen2.5:3b,happiness_record,question_31,How differences in Confidence In National Government score comparing all the regions? Evaluate the importance of governance trust on positive affects.,0.0289,25.2838,25.3127,0.0,121.5711,4.8,13.5079,2025-11-27 02:53:10
qwen2.5:3b,happiness_record,question_4,What is the social support index of Germany in 2008?,0.0571,1.7698,1.8269,0.0,8.4657,4.63,0.9406,2025-11-27 02:53:12
qwen2.5:3b,happiness_record,question_5,What is the Healthy Life Expectancy At Birth of Japan in 2020?,0.0356,2.2294,2.265,0.0,14.0059,6.18,1.5562,2025-11-27 02:53:14
qwen2.5:3b,happiness_record,question_6,What is the Freedom To Make Life Choices of Vietnam in 2018?,0.0255,9.7613,9.7868,0.0,43.2714,4.42,4.8079,2025-11-27 02:53:24
qwen2.5:3b,happiness_record,question_7,What is the generiosity score of Singapore in 2022?,0.0327,3.1116,3.1443,0.0,13.9516,4.44,1.5502,2025-11-27 02:53:28
qwen2.5:3b,happiness_record,question_8,What is the Perceptions Of Corruption of Ecuador in 2008?,0.0287,10.5277,10.5564,0.0,55.3925,5.25,6.1548,2025-11-27 02:53:39
qwen2.5:3b,happiness_record,question_9,What is the negative affect of Japan in 2022?,0.0374,2.0895,2.1269,0.0,9.7897,4.6,1.0878,2025-11-27 02:53:41
qwen3:4b,country_income,question_1,What is the gini recalculated of Vietnam in 2015?,0.0394,42.0703,42.1097,0.0,227.4208,5.4,25.269,2025-11-27 02:54:23
qwen3:4b,country_income,question_10,What is the net income of each category of Vietnam in 2015?,0.0788,23.7588,23.8376,0.0,112.6207,4.72,12.5134,2025-11-27 02:54:47
qwen3:4b,country_income,question_11,What is the average of gini recalcuated score of Vietnam by year?,0.0641,23.2899,23.354,0.0,117.2721,5.02,13.0302,2025-11-27 02:55:11
qwen3:4b,country_income,question_12,Top 5 country that have highest gini recalulated in 2015,0.0565,34.152,34.2085,0.0,161.6338,4.72,17.9593,2025-11-27 02:55:45
qwen3:4b,country_income,question_13,Top 5 country of which d1 category has highest net income in 2015,0.0605,45.0217,45.0822,0.0,216.5811,4.8,24.0646,2025-11-27 02:56:31
qwen3:4b,country_income,question_14,How many countries have gini recalculated lower than the world average in 2015?,0.0726,115.3292,115.4018,0.0,646.4793,5.6,71.831,2025-11-27 03:13:24
qwen3:4b,country_income,question_15,What is the average of d10 net income of Vietnam over years?,0.0686,24.8731,24.9417,0.0,191.5716,7.68,21.2857,2025-11-27 03:28:47
qwen3:4b,country_income,question_16,What is the total net income of d5 to d9 groups of Vietnam in 2015?,0.0716,36.1991,36.2707,0.0,232.6823,6.42,25.8536,2025-11-27 03:29:24
qwen3:4b,country_income,question_17,What is the average gini recalculated score of top 5 countries having highest population in 2015?,0.0583,62.7654,62.8237,0.0,404.734,6.44,44.9704,2025-11-27 03:45:25
qwen3:4b,country_income,question_18,Calculate the average gini of countries by region ID in 2015,0.0588,150.2551,150.3139,0.0,1178.3481,7.84,130.9276,2025-11-27 04:30:59
qwen3:4b,country_income,question_19,What is the growth rate of gini recalculated of Vietnam for each year?,0.0545,55.4846,55.5391,0.0,489.0183,8.8,54.3354,2025-11-27 04:32:03
qwen3:4b,country_income,question_2,What is the net income of d10 category of US in 2015?,0.0764,23.3736,23.45,0.0,259.986,11.09,28.8874,2025-11-27 04:32:27
qwen3:4b,country_income,question_20,The average gini recalculated of the world in 2015,0.0587,26.031,26.0897,0.0,140.9989,5.4,15.6666,2025-11-27 04:32:53
qwen3:4b,country_income,question_21,What is the ratio of net income of d10 to d1 group of Singapore in 2015?,0.0806,68.9919,69.0725,0.0,538.8911,7.8,59.8768,2025-11-27 04:51:23
qwen3:4b,country_income,question_22,Vietnam released economic reformation policy named 'Doi Moi' from 1986 to 2000. Evaluate the effectiveness of the policy based on the gini score trend of the country in 2 phases: Before 1986 and after 1986,0.0852,84.2804,84.3656,0.0,608.2745,7.21,67.586,2025-11-27 05:07:50
qwen3:4b,country_income,question_23,Analyze the trend of world's income inequality across region from 1967 to 2015.,0.1031,219.1239,219.227,0.0,1411.8842,6.44,156.8761,2025-11-27 06:00:28
qwen3:4b,country_income,question_24,Does higher gdp per capita posiviely correlated with high income inequality? Explain possible reasons,0.0739,128.3274,128.4013,0.0,888.688,6.92,98.7431,2025-11-27 06:34:16
qwen3:4b,country_income,question_25,The financial crisis happened in 2008. Evaluate the income inequality before and after the event in US.,0.074,51.1896,51.2636,0.0,330.2529,6.44,36.6948,2025-11-27 06:35:08
qwen3:4b,country_income,question_26,Analyze the trend of income inequality and gdp per capita of Singapore from 1970 onward.,0.0679,143.0247,143.0926,0.0,704.1974,4.92,78.2441,2025-11-27 06:37:31
qwen3:4b,country_income,question_27,Does population affect income inequality? Analyze gini index of China through years to explain,0.0685,128.9598,129.0283,0.0,655.6146,5.08,72.8461,2025-11-27 06:39:40
qwen3:4b,country_income,question_28,Comparing the gini index of China and US over years to evaluate which country has higher income inequality,0.0677,89.6026,89.6703,0.0,480.7412,5.36,53.4157,2025-11-27 06:41:10
qwen3:4b,country_income,question_29,Which region ID has high income inequality? Explain reasons behind it,0.0861,46.3516,46.4377,0.0,238.0227,5.13,26.447,2025-11-27 06:41:57
qwen3:4b,country_income,question_3,What is the net income of d1 category of Thailand in 2009?,0.0609,59.5016,59.5625,0.0,302.8285,5.08,33.6477,2025-11-27 06:42:57
qwen3:4b,country_income,question_30,"What are the common patterns can be observed from countries with high income inequality in 2015, knowing gini greater than 0.4 is considered as high inequality",0.0748,203.2954,203.3702,0.0,1163.5558,5.72,129.2839,2025-11-27 06:46:20
qwen3:4b,country_income,question_31,"Evaluate the net income gap between low income group d1 to d4, middle income group d5 to d9 and high income group d10 in Vietnam and propose improvement plan",0.1011,89.9107,90.0118,0.0,461.7134,5.13,51.3015,2025-11-27 06:47:50
qwen3:4b,country_income,question_4,What is the net income of d10 group of Singapore in 1970?,0.0776,33.6791,33.7567,0.0,182.4658,5.41,20.2739,2025-11-27 06:48:24
qwen3:4b,country_income,question_5,What is the population of China in 2000?,0.0552,41.5929,41.6481,0.0,230.0897,5.52,25.5655,2025-11-27 06:49:06
qwen3:4b,country_income,question_6,What is the gdp per capita of Sweden in 2015?,0.0687,55.9104,55.9791,0.0,293.6327,5.25,32.6259,2025-11-27 06:50:02
qwen3:4b,country_income,question_7,Distinct list of region ID,0.0759,69.6986,69.7745,0.0,376.9491,5.4,41.8833,2025-11-27 06:51:12
qwen3:4b,country_income,question_8,All the countries have gini recalculated greater than 0.4 in 2015,0.0537,63.8905,63.9442,0.0,314.8015,4.92,34.9779,2025-11-27 06:52:17
qwen3:4b,country_income,question_9,"What is the gpd per capita, population and gini coefficient of Vietnam in 2010?",0.0749,49.6639,49.7388,0.0,268.6616,5.4,29.8513,2025-11-27 06:53:06
qwen3:4b,finance_economics,question_1,"The inflation rate of November 28, 2008",0.0488,33.655,33.7038,0.0,170.0695,5.05,18.8966,2025-11-27 06:53:40
qwen3:4b,finance_economics,question_10,"The unemployment rate, interest rate, inflation rate, the date where Dow Jones has top trading volume",0.0666,46.9324,46.999,0.0,231.4378,4.92,25.7153,2025-11-27 06:54:28
qwen3:4b,finance_economics,question_11,"Number of days which the closing price is higher than the open price of Dow Jones, S&P 500, NASDAQ",0.0441,42.3202,42.3643,0.0,232.3079,5.48,25.812,2025-11-27 06:55:10
qwen3:4b,finance_economics,question_12,The annual consumer spending from 2000 to 2008,0.0614,65.4763,65.5377,0.0,335.8519,5.12,37.3169,2025-11-27 06:56:16
qwen3:4b,finance_economics,question_13,The annual growth rate of consumer confidence index from 2000 to 2008,0.0587,91.1346,91.1933,0.0,459.781,5.04,51.0868,2025-11-27 06:57:47
qwen3:4b,finance_economics,question_14,Ratio of days having negative gdp growth to total days,0.0465,30.8326,30.8791,0.0,180.3751,5.84,20.0417,2025-11-27 06:58:18
qwen3:4b,finance_economics,question_15,The average bankruptcy rate and M&A deals by year,0.0591,338.7073,338.7664,0.0,2141.2068,6.32,237.9119,2025-11-27 07:53:00
qwen3:4b,finance_economics,question_16,Number of days where the gdp growth is negative,0.05,42.3382,42.3882,0.0,330.8046,7.8,36.756,2025-11-27 08:09:53
qwen3:4b,finance_economics,question_17,"Average monthly trading volume of NASDAQ, S&P 500, Dow Jones",0.0688,351.6056,351.6744,0.0,2039.7995,5.8,226.6444,2025-11-27 08:28:03
qwen3:4b,finance_economics,question_18,Which year has the highest average consumer confidence index?,0.0694,29.773,29.8424,0.0,159.1582,5.33,17.6842,2025-11-27 08:28:33
qwen3:4b,finance_economics,question_19,The annual average venture capital funding by year,0.0588,105.7299,105.7887,0.0,541.8526,5.12,60.2059,2025-11-27 08:30:19
qwen3:4b,finance_economics,question_2,"The open price, close price, trading volume of Feb 20, 2000",0.0497,42.0222,42.0719,0.0,203.7909,4.84,22.6434,2025-11-27 08:31:01
qwen3:4b,finance_economics,question_20,The ratio of government debt to consumer spending by year,0.058,103.0185,103.0765,0.0,511.3941,4.96,56.8215,2025-11-27 08:32:44
qwen3:4b,finance_economics,question_21,Average gold price by year,0.042,71.8627,71.9047,0.0,494.7331,6.88,54.9704,2025-11-27 08:39:02
qwen3:4b,finance_economics,question_22,"2008 was the year of global financial crisis. Evaluate some indicators that signaled this recession, and propose a risk mitigation strategy for stock investing",0.067,729.8769,729.9439,0.0,3912.9867,5.36,434.7763,2025-11-27 09:04:30
qwen3:4b,finance_economics,question_23,Does government debt effect GDP growth? Analyze the given data and recommend policymakers on how to create positive gdp growth,0.0647,168.9888,169.0535,0.0,811.7834,4.8,90.1982,2025-11-27 09:07:20
qwen3:4b,finance_economics,question_24,Low interest rate leads to risky money flow into stock and consumer spending. Evaluate the data to verify the accuracy of this statement. ,0.0481,170.2276,170.2757,0.0,845.0833,4.96,93.8981,2025-11-27 09:10:10
qwen3:4b,finance_economics,question_25,"Analyze the past performance of all the asset types, stock, commodity, real estate, forex and propose which type of asset is worth to invest in based on investors' risk apetite",0.0548,108.2501,108.3049,0.0,524.3494,4.84,58.261,2025-11-27 09:11:59
qwen3:4b,finance_economics,question_26,Evaluate the relationship between inflation rate and consumer spending,0.0478,45.287,45.3348,0.0,228.6178,5.04,25.402,2025-11-27 09:12:44
qwen3:4b,finance_economics,question_27,"Which stock indexes should investors invest in? Analyze NASDAQ, S&P 500, Dow Jones performances",0.0494,537.4989,537.5483,0.0,3117.968,5.8,346.4409,2025-11-27 09:28:29
qwen3:4b,finance_economics,question_28,"What is the relationship between interest rate, unemployment rate and corporate profits? Propose strategy for policymakers to promote corporate activities",0.0632,192.3764,192.4396,0.0,1100.9515,5.72,122.328,2025-11-27 09:31:42
qwen3:4b,finance_economics,question_29,"venture capital funding is private fundraising, wheras stock index activities is public fundraising. Which fundraising channel is more active in US, explain the reasons",0.0653,570.9967,571.062,0.0,5139.5736,9.0,571.0637,2025-11-27 09:41:13
qwen3:4b,finance_economics,question_3,"The gold price, crude oil price, real estate index of Jan 1, 2008",0.0726,26.4177,26.4903,0.0,136.8092,5.16,15.201,2025-11-27 09:41:40
qwen3:4b,finance_economics,question_30,"Recommend asset classes to invest when the USD currency is appreciated, and when it is depreciated",0.049,188.0751,188.1241,0.0,1294.3487,6.88,143.8165,2025-11-27 09:44:48
qwen3:4b,finance_economics,question_31,"When it is best to invest in real estate in terms of interest rate environment, stock performance and unemployment context?",0.0654,111.2637,111.3291,0.0,828.307,7.44,92.0341,2025-11-27 09:57:53
qwen3:4b,finance_economics,question_4,"The consumer confidence index of 24 December, 2007",0.0404,10.8735,10.9139,0.0,57.3682,5.26,6.3742,2025-11-27 09:58:04
qwen3:4b,finance_economics,question_5,"The date, stock index on which stock index reached the highest Daily High",0.0328,39.2919,39.3247,0.0,243.7924,6.2,27.0881,2025-11-27 09:58:44
qwen3:4b,finance_economics,question_6,"The date, gold price, crude oil price and gdp growth where unemployment rate reached the highest",0.0553,33.2486,33.3039,0.0,158.7256,4.77,17.6362,2025-11-27 09:59:17
qwen3:4b,finance_economics,question_7,"The date, forex US/EUR, US/JPY where gdp growth is negative",0.0485,51.8223,51.8708,0.0,259.509,5.0,28.8344,2025-11-27 10:00:09
qwen3:4b,finance_economics,question_8,The date where trading volumne is the largest,0.0484,13.5589,13.6073,0.0,67.5349,4.96,7.5039,2025-11-27 10:00:23
qwen3:4b,finance_economics,question_9,"The date, consumer confidence index, consumer spending where the bankruptcy rate is highest",0.0386,26.1623,26.2009,0.0,134.2272,5.12,14.9142,2025-11-27 10:00:50
qwen3:4b,global_development,question_1,What is the digital readiness score of South Asia in 2020?,0.0455,31.4313,31.4768,0.0,291.0057,9.25,32.334,2025-11-27 10:01:21
qwen3:4b,global_development,question_10,What is the unemployment rate of US in 2020?,0.0618,48.8332,48.895,0.0,592.5877,12.12,65.8431,2025-11-27 10:02:10
qwen3:4b,global_development,question_11,To what extent has the world's GDP per capita grown between 2000 and 2020?,0.0679,27.3235,27.3914,0.0,338.4629,12.36,37.607,2025-11-27 10:02:38
qwen3:4b,global_development,question_12,What is the average economic opportunity index of low and indebt countries?,0.0763,11.9953,12.0716,0.0,133.8592,11.09,14.8732,2025-11-27 10:02:50
qwen3:4b,global_development,question_13,How many countries has the gdp per capita lower than the world in 2019?,0.0368,19.2622,19.299,0.0,211.4539,10.96,23.4949,2025-11-27 10:03:10
qwen3:4b,global_development,question_14,Which country has the highest health expenditure per capita in 2020?,0.0602,13.5408,13.601,0.0,117.0797,8.61,13.0089,2025-11-27 10:03:24
qwen3:4b,global_development,question_15,How many countries are in lower middle income group as in 2020?,0.032,24.193,24.225,0.0,242.2122,10.0,26.9124,2025-11-27 10:03:48
qwen3:4b,global_development,question_16,What is the average digital readiness score of high income countries in 2019?,0.0581,14.83,14.8881,0.0,162.3318,10.9,18.0369,2025-11-27 10:04:03
qwen3:4b,global_development,question_17,Which country has the lowest global resilience score?,0.048,29.169,29.217,0.0,289.8815,9.92,32.2091,2025-11-27 10:04:33
qwen3:4b,global_development,question_18,What is the highest energy per capita score in 2020? In which country,0.0604,24.8841,24.9445,0.0,255.5621,10.25,28.3958,2025-11-27 10:04:58
qwen3:4b,global_development,question_19,What country has the longest period of deflation? Deflation is known as when the inflation is negative,0.0543,14.0157,14.07,0.0,137.2966,9.76,15.2551,2025-11-27 10:05:12
qwen3:4b,global_development,question_2,Country with the highest global development resilience score in 2020,0.0336,17.377,17.4106,0.0,179.0731,10.29,19.897,2025-11-27 10:05:30
qwen3:4b,global_development,question_20,Which country has the highest gdp per capita among lower middle income group?,0.0624,24.2156,24.278,0.0,283.6776,11.68,31.5197,2025-11-27 10:05:54
qwen3:4b,global_development,question_21,Number of countries have higher economic opportunity than the world,0.0561,17.2095,17.2656,0.0,194.1598,11.25,21.5733,2025-11-27 10:06:12
qwen3:4b,global_development,question_22,"Looking at the green transition score of all the countries and regions over the years, what is the common patterns?",0.0654,75.3605,75.4259,0.0,597.7524,7.93,66.4169,2025-11-27 10:07:27
qwen3:4b,global_development,question_23,Explain for me the correlations of human development index and gdp per capita,0.0659,76.0803,76.1462,0.0,530.0039,6.96,58.8894,2025-11-27 10:08:44
qwen3:4b,global_development,question_24,Evaluate the differences in digital readiness of South Asia compared to Europe region,0.0586,24.5627,24.6213,0.0,249.0239,10.11,27.6693,2025-11-27 10:09:08
qwen3:4b,global_development,question_25,Is there any correlation between governance quality and digital readiness score of South Asia?,0.0615,37.4699,37.5314,0.0,250.8768,6.68,27.8752,2025-11-27 10:09:46
qwen3:4b,global_development,question_26,Does the school enrolment in secondary affect the HDI in South Asia?,0.0607,63.2704,63.3311,0.0,466.3009,7.36,51.8112,2025-11-27 10:10:50
qwen3:4b,global_development,question_27,What is the relationship of the FDI percentage of gdp and economic grow in middle and low income group?,0.0535,30.3492,30.4027,0.0,287.2639,9.45,31.9182,2025-11-27 10:11:20
qwen3:4b,global_development,question_28,"Compare the economic opportunity index of high income, middlie income groups and the world",0.0758,12.1739,12.2497,0.0,147.956,12.08,16.4395,2025-11-27 10:11:33
qwen3:4b,global_development,question_29,Is the weather vulnerability related to the child mortality in high income country?,0.0315,61.8256,61.8571,0.0,512.5128,8.29,56.9458,2025-11-27 10:12:35
qwen3:4b,global_development,question_3,What is the human development index score of Vietnam in 2019?,0.0649,19.8883,19.9532,0.0,168.4627,8.44,18.718,2025-11-27 10:12:55
qwen3:4b,global_development,question_30,Do countries with high weather vulnerability score have higher green transition scores? Explain for me the implication,0.0639,23.9493,24.0132,0.0,161.5731,6.73,17.9525,2025-11-27 10:13:19
qwen3:4b,global_development,question_31,What is the relationship between unemployment rate and inflation of US through years?,0.0595,18.7165,18.776,0.0,115.974,6.18,12.886,2025-11-27 10:13:38
qwen3:4b,global_development,question_4,What is the inflation rate of Vietnam in 2009?,0.0467,23.5645,23.6112,0.0,163.5226,6.93,18.1692,2025-11-27 10:14:02
qwen3:4b,global_development,question_5,What is the unemployment rate of Europe region in 2008?,0.054,10.8036,10.8576,0.0,97.2383,8.96,10.8043,2025-11-27 10:14:13
qwen3:4b,global_development,question_6,What is the life expectancy of Japan in 2020?,0.0327,15.0947,15.1274,0.0,117.6348,7.78,13.0705,2025-11-27 10:14:28
qwen3:4b,global_development,question_7,What is the economic opportunity index of indebt countries group in 2020?,0.0725,9.8303,9.9028,0.0,65.8199,6.65,7.3133,2025-11-27 10:14:38
qwen3:4b,global_development,question_8,What is the gpd per capita of OECD group in 2019?,0.0326,13.378,13.4106,0.0,82.1037,6.12,9.1226,2025-11-27 10:14:52
qwen3:4b,global_development,question_9,What is the green transition score of lower middle income group in 2020?,0.0325,9.1248,9.1573,0.0,56.4452,6.16,6.2717,2025-11-27 10:15:01
qwen3:4b,happiness_record,question_1,What is the positive affect of US in 2008?,0.0328,18.8708,18.9036,0.0,155.7145,8.24,17.3016,2025-11-27 10:15:21
qwen3:4b,happiness_record,question_10,What is the Confidence In National Government of Singapore in 2022?,0.0625,13.4126,13.4751,0.0,117.2915,8.7,13.0324,2025-11-27 10:15:34
qwen3:4b,happiness_record,question_11,What is the average positive affect of all countries in 2008?,0.0342,20.5337,20.5679,0.0,154.6501,7.52,17.1833,2025-11-27 10:15:55
qwen3:4b,happiness_record,question_12,What is the average life ladder of Asia countries in 2022?,0.0539,13.0608,13.1147,0.0,113.5975,8.66,12.622,2025-11-27 10:16:08
qwen3:4b,happiness_record,question_13,Which country has the highest average long gdp per capita through years?,0.0398,24.3149,24.3547,0.0,176.4378,7.24,19.6042,2025-11-27 10:16:33
qwen3:4b,happiness_record,question_14,Which country has the lowest average social support score over years?,0.0489,27.0964,27.1453,0.0,238.9649,8.8,26.5516,2025-11-27 10:17:00
qwen3:4b,happiness_record,question_15,What is the average Healthy Life Expectancy At Birth of the world after 2020? ,0.0805,25.7174,25.7979,0.0,414.1269,16.05,46.0141,2025-11-27 10:17:26
qwen3:4b,happiness_record,question_16,Which country has the highest freedom to make choices index? What region is it from? ,0.0673,13.1003,13.1676,0.0,102.9031,7.81,11.4337,2025-11-27 10:17:40
qwen3:4b,happiness_record,question_17,How many countries have higher average generiosity over years compared to the world' average?,0.0307,11.404,11.4347,0.0,70.5555,6.17,7.8395,2025-11-27 10:17:51
qwen3:4b,happiness_record,question_18,Which region has the highest average perceptions of corruption?,0.0314,14.0241,14.0555,0.0,102.3211,7.28,11.369,2025-11-27 10:18:06
qwen3:4b,happiness_record,question_19,Which country has the highest average negative affect in 2022? ,0.0369,8.0102,8.0471,0.0,54.8389,6.81,6.0932,2025-11-27 10:18:14
qwen3:4b,happiness_record,question_2,What is the life ladder of Vietnam in 2022?,0.0369,25.7113,25.7482,0.0,189.6041,7.36,21.0671,2025-11-27 10:18:40
qwen3:4b,happiness_record,question_20,What is the average Confidence In National Government score of Vietnam over years?,0.0447,10.3493,10.394,0.0,100.1388,9.63,11.1265,2025-11-27 10:18:50
qwen3:4b,happiness_record,question_21,What are the countries having confidence in national goverment higher than world average in 2022?,0.0377,20.219,20.2567,0.0,168.579,8.32,18.731,2025-11-27 10:19:11
qwen3:4b,happiness_record,question_22,Interpret for me the current trend in positive affect of the world from 2008 to 2022?,0.061,40.2911,40.3521,0.0,315.12,7.81,35.0133,2025-11-27 10:19:52
qwen3:4b,happiness_record,question_23,Comparing the life ladder of Asia and Europe to tell me which region is worth to live?,0.0546,17.1316,17.1862,0.0,125.255,7.29,13.9172,2025-11-27 10:20:09
qwen3:4b,happiness_record,question_24,Are countries with higher long gdp per capita likely to have higher positive effect over years? Comparing the data to evaluate ,0.0459,13.2847,13.3306,0.0,92.9678,6.97,10.3298,2025-11-27 10:20:22
qwen3:4b,happiness_record,question_25,Does lack of social support lead to higher negative affect over years? ,0.0397,99.1056,99.1453,0.0,737.627,7.44,81.9585,2025-11-27 10:22:02
qwen3:4b,happiness_record,question_26,"Analyze the trend of Healthy Life Expectancy At Birth by region (Asia, Europe, North America)",0.059,17.7035,17.7625,0.0,154.1982,8.68,17.1331,2025-11-27 10:22:20
qwen3:4b,happiness_record,question_27,Evaluate for me the relationship between freedom to make choices and positive affect of Asia and North America countries. Explain the reasons.,0.0665,25.1325,25.199,0.0,230.8018,9.16,25.6446,2025-11-27 10:22:45
qwen3:4b,happiness_record,question_28,What is the current movement of generiosity of Asian countries over years? Explain the reasons.,0.0645,26.8185,26.883,0.0,243.5078,9.06,27.0564,2025-11-27 10:23:12
qwen3:4b,happiness_record,question_29,What is the relationship of percptions of corruption and confidence in national government?,0.0573,14.8861,14.9434,0.0,103.1682,6.9,11.4632,2025-11-27 10:23:27
qwen3:4b,happiness_record,question_3,What is the long GDP per capita of China in 2009?,0.0439,29.9497,29.9936,0.0,207.598,6.92,23.0665,2025-11-27 10:23:58
qwen3:4b,happiness_record,question_30,Do high long gdp per capita countries have higher negative affects? Explain the results.,0.06,17.1367,17.1967,0.0,116.6147,6.78,12.9572,2025-11-27 10:24:15
qwen3:4b,happiness_record,question_31,How differences in Confidence In National Government score comparing all the regions? Evaluate the importance of governance trust on positive affects.,0.0497,30.2353,30.285,0.0,219.3114,7.24,24.3679,2025-11-27 10:24:46
qwen3:4b,happiness_record,question_4,What is the social support index of Germany in 2008?,0.0456,28.842,28.8876,0.0,246.175,8.52,27.3528,2025-11-27 10:25:15
qwen3:4b,happiness_record,question_5,What is the Healthy Life Expectancy At Birth of Japan in 2020?,0.069,36.8974,36.9664,0.0,278.0891,7.52,30.8988,2025-11-27 10:25:52
qwen3:4b,happiness_record,question_6,What is the Freedom To Make Life Choices of Vietnam in 2018?,0.0674,15.7341,15.8015,0.0,130.3396,8.25,14.4822,2025-11-27 10:26:08
qwen3:4b,happiness_record,question_7,What is the generiosity score of Singapore in 2022?,0.0453,10.1409,10.1862,0.0,72.7323,7.14,8.0814,2025-11-27 10:26:18
qwen3:4b,happiness_record,question_8,What is the Perceptions Of Corruption of Ecuador in 2008?,0.0601,71.7633,71.8234,0.0,566.4276,7.89,62.9364,2025-11-27 10:27:30
qwen3:4b,happiness_record,question_9,What is the negative affect of Japan in 2022?,0.0675,16.1785,16.246,0.0,179.4226,11.04,19.9359,2025-11-27 10:27:47
